City_ID,City,Country,Max Temp,Description,Lat,Lng,Hotel Name
4,Rikitea,PF,74.82,clear sky,-23.1203,-134.9692,People ThankYou
6,Borba,BR,77.68,broken clouds,-4.3878,-59.5939,Hotel da Amaz√¥nia
10,Vaini,TO,77.16,scattered clouds,-21.2,-175.2,Keleti Beach Resort
13,Carnarvon,AU,71.67,clear sky,-24.8667,113.6333,Hospitality Carnarvon
14,Katsuura,JP,71.71,overcast clouds,35.1333,140.3,Katsuura Hotel Mikazuki
18,Tucumcari,US,82.24,clear sky,35.1717,-103.725,"Holiday Inn Express & Suites Tucumcari, an IHG Hotel"
21,Dingle,PH,84.2,light rain,10.9995,122.6711,SEGAYA PROPERTY
22,Westport,US,75.34,clear sky,41.1415,-73.3579,The Westport Inn
24,Nargana,PA,80.19,overcast clouds,9.4428,-78.5906,Dubbir
27,Atuona,PF,77.97,clear sky,-9.8,-139.0333,Villa Enata
28,Lamu,KE,75.42,few clouds,-2.2717,40.902,Lamu House
30,Bethel,US,71.96,clear sky,41.3712,-73.414,Courtyard by Marriott Danbury
31,Hobyo,SO,76.51,broken clouds,5.3505,48.5268,Halane Hotel and Restaurent
36,Butaritari,KI,83.3,light rain,3.0707,172.7902,Isles Sunset Lodge
37,Kiunga,PG,78.3,overcast clouds,-6.1219,141.2906,Airport Lodge Kiunga
38,Salalah,OM,77.09,overcast clouds,17.0151,54.0924,HAMDAN PLAZA HOTEL SALALAH
44,Torbay,CA,70.57,scattered clouds,47.6666,-52.7314,Gallows Cove
45,Tanete,ID,84.42,few clouds,-3.9443,119.7848,Wisma Tri Multi
46,Mahibadhoo,MV,82.45,broken clouds,3.7833,72.9667,Omadhoo Inn
52,Oriximina,BR,74.82,scattered clouds,-1.7656,-55.8661,Pousada Tia Am√©lia
54,Namatanai,PG,82.04,moderate rain,-3.6667,152.4333,Seagulls Inn Namatani
58,Bonavista,CA,71.6,moderate rain,48.6499,-53.1147,Abbott's Bed & Breakfast
62,Azare,NG,73.94,overcast clouds,11.6765,10.1948,Muk hostel
63,Yerofey Pavlovich,RU,72.16,clear sky,53.9667,121.9667,lounges and warm parking
64,Yangjiang,CN,83.57,light rain,21.85,111.9667,HUALUXE Yangjiang City Center
67,Avarua,CK,73.45,light rain,-21.2078,-159.775,Paradise Inn
68,Ruidoso,US,70.25,broken clouds,33.3317,-105.673,Inn of the Mountain Gods
70,Harper,LR,75.4,broken clouds,4.375,-7.7169,Screensaver
71,Puerto Ayora,EC,69.55,scattered clouds,-0.7393,-90.3518,Finch Bay Galapagos Hotel
72,Brignoles,FR,74.95,clear sky,43.4,6.0667,Inter-hotel La Belle Etape
75,Lompoc,US,77.11,mist,34.6391,-120.4579,"Holiday Inn Express Lompoc, an IHG Hotel"
77,Laramie,US,69.73,broken clouds,41.3114,-105.5911,Fairfield Inn & Suites by Marriott Laramie
83,Carauari,BR,78.78,scattered clouds,-4.8828,-66.8958,Hotel Fellip
87,Port Hedland,AU,84.25,clear sky,-20.3167,118.5667,The Esplanade Hotel
89,Eureka,US,69.13,broken clouds,40.8021,-124.1637,Eureka Inn Trademark By Wyndham
90,Coahuayana,MX,83.68,overcast clouds,18.7333,-103.6833,El rranchito michuacan de ocampos
97,Faanui,PF,78.71,few clouds,-16.4833,-151.75,Bora-Bora Pearl Beach Resort & Spa
98,Tual,ID,79.56,broken clouds,-5.6667,132.75,Grand Vilia Hotel
101,Vila Velha,BR,69.75,broken clouds,-20.3297,-40.2925,Quality Suites Vila Velha
110,Sao Filipe,CV,76.59,overcast clouds,14.8961,-24.4956,Hotel Xaguate
112,Seoul,KR,81.97,clear sky,37.5683,126.9778,Î°ØÎç∞Ìò∏ÌÖî ÏÑúÏö∏
114,Botwood,CA,74.68,broken clouds,49.1499,-55.3482,Exploits Hostel
117,Khanpur,PK,83.95,clear sky,28.6453,70.6567,Ahmad bartan store
119,Calafell,ES,79.75,clear sky,41.2,1.5683,Hotel Kursaal Calafell Playa
125,Bandarbeyla,SO,77.4,scattered clouds,9.4942,50.8122,JABIR HOTEL
127,Kapoeta,SS,72.39,broken clouds,4.7717,33.5903,Eastgate Hotel
130,Rincon,US,82.26,broken clouds,32.296,-81.2354,Days Inn Rincon
131,Porto Nacional,BR,77.0,clear sky,-10.7081,-48.4172,Vila Real Hotel
135,Hami,CN,76.98,overcast clouds,42.8,93.45,Laoyutang Resort
138,Virginia Beach,US,79.02,overcast clouds,36.8529,-75.978,Hilton Virginia Beach Oceanfront
140,Saint Anthony,US,79.72,clear sky,45.0205,-93.218,"Holiday Inn Express Roseville-St. Paul, an IHG Hotel"
144,Lorengau,PG,83.23,overcast clouds,-2.0226,147.2712,Lorengau Harbourside Hotel
146,Les Cayes,HT,80.31,broken clouds,18.2,-73.75,Villa Orphee
149,Bintulu,MY,79.21,few clouds,3.1667,113.0333,900 Boutique INN
151,Puerto El Triunfo,SV,80.76,few clouds,13.2833,-88.55,Hotel Jardin
153,Fortuna,US,68.86,broken clouds,40.5982,-124.1573,Super 8 by Wyndham Fortuna
155,Myitkyina,MM,75.42,overcast clouds,25.3833,97.4,Shwe Phyu Hotel
156,Flin Flon,CA,74.95,overcast clouds,54.7682,-101.865,Victoria Inn Flin Flon
161,Gat,IL,77.68,clear sky,31.61,34.7642,OlusHome
163,Sherghati,IN,80.22,overcast clouds,24.5667,84.7833,Birju_sang_kunti_bhaban
166,Gull Lake,CA,80.96,few clouds,50.1001,-108.4847,Campbell's Accommodations
167,Dzaoudzi,YT,76.89,few clouds,-12.7887,45.2699,Le Rocher
171,Iralaya,HN,80.56,clear sky,15.0,-83.2333,Iglesia morava renovada
173,Arraial Do Cabo,BR,68.99,clear sky,-22.9661,-42.0278,Pousada Porto Praia
174,Cabanas,CU,77.47,light rain,22.9758,-82.9219,Villa Luis Montesino y Anabel
175,Georgetown,MY,81.9,few clouds,5.4112,100.3354,Cititel Penang
177,Hithadhoo,MV,82.71,overcast clouds,-0.6,73.0833,Scoop Guest House
180,Curup,ID,71.47,overcast clouds,-3.4667,102.5333,Ayi The Costel
181,Bengkulu,ID,77.76,broken clouds,-3.8004,102.2655,Grage Hotel Bengkulu
182,Pouebo,NC,74.91,scattered clouds,-20.4,164.5667,RIV√ÇT LODGE
184,Santa Barbara,US,77.77,clear sky,34.7333,-120.0343,Upper Ballard Campground
185,Vao,NC,68.58,broken clouds,-22.6667,167.4833,Hotel Kou-Bugny
188,Linqing,CN,78.15,clear sky,36.8456,115.7117,Dongfang Hotel
189,Ribeira Grande,PT,72.34,broken clouds,38.5167,-28.7,Quinta da Meia Eira
190,Nassau,US,76.66,clear sky,40.7507,-73.5829,Hilton Garden Inn Westbury
191,Tecoanapa,MX,80.38,scattered clouds,16.5167,-98.75,Hotel Manglares
193,Yala,TH,76.35,overcast clouds,6.3333,101.25,‡∏á‡∏≤‡∏ô‡πÅ‡∏ï‡πà‡∏á Murnee - Wahid
195,Pasighat,IN,79.09,overcast clouds,28.0667,95.3333,Siang Guest House
196,Hilo,US,82.13,broken clouds,19.7297,-155.09,Hilo Hawaiian Hotel
200,Aksay,RU,68.74,overcast clouds,47.26,39.87,Chernaya Zhemchuzhina
201,Kashi,CN,74.23,scattered clouds,39.4547,75.9797,Â∏ïÁ±≥Â∞îÈùíÂπ¥ÊóÖËàç
203,Thompson,CA,68.16,broken clouds,55.7435,-97.8558,Burntwood Hotel
205,Sulangan,PH,82.85,overcast clouds,11.1373,123.7228,Maia's Beach Resort
211,Caravelas,BR,69.8,few clouds,-17.7125,-39.2481,Pousada dos Navegantes
213,Nhulunbuy,AU,84.81,scattered clouds,-12.2333,136.7667,East Arnhem Real Estate
214,Hearst,CA,75.45,scattered clouds,49.6835,-83.6665,Companion
215,Natal,BR,74.05,clear sky,-5.795,-35.2094,Villa Park Hotel | Natal
216,Keti Bandar,PK,79.48,overcast clouds,24.1447,67.4497,Haji laloo memon house
220,Kuala Terengganu,MY,80.55,few clouds,5.3302,103.1408,Hotel Grand Continental Kuala Terengganu (4 Star)
222,Maceio,BR,72.84,broken clouds,-9.6658,-35.7353,Poutur Pousada
224,Fougamou,GA,73.67,few clouds,-1.2154,10.5838,R√©sidence d'H√¥tes Bapedy
226,Camacha,PT,83.16,few clouds,33.0833,-16.3333,Hotel Porto Santo & Spa
229,Gebze,TR,71.8,clear sky,40.8028,29.4307,Holiday Inn Gebze - Istanbul Asia
233,Kampot,KH,78.85,few clouds,10.6167,104.1833,Two Moons Hotel
234,Guerrero Negro,MX,75.16,clear sky,27.9769,-114.0611,"Casa Laguna, Bed & Breakfast"
235,Abashiri,JP,70.09,broken clouds,44.0213,144.2697,T≈çyoko Inn Hokkaid≈ç Okhotsk Abashiri Ekimae
240,Elat,IL,82.22,clear sky,29.5581,34.9482,Club Hotel Eilat
242,Nara,JP,79.92,overcast clouds,34.6851,135.8049,Guesthouse Nara Komachi
243,Lasa,IT,68.88,overcast clouds,46.6166,10.7002,Pension Feldg√§rtenhof
246,Praia,CV,79.34,few clouds,14.9215,-23.5087,LT Aparthotel
247,Road Town,VG,81.19,overcast clouds,18.4167,-64.6167,"ZINGARA 76ft Catamaran, full crew-all included"
249,Bumba,CD,69.73,scattered clouds,2.1833,22.4667,H√¥tel Cape Town
251,Olga,RU,70.45,clear sky,43.7444,135.2892,Gostinitsa Rosmorport.
253,Grand-Lahou,CI,73.71,overcast clouds,5.1367,-5.0242,Hotel Beatitude de Grand Lahou
257,Kamloops,CA,84.58,smoke,50.6665,-120.3192,Ramada by Wyndham Kamloops
258,Slave Lake,CA,75.18,broken clouds,55.2834,-114.769,Super 8 by Wyndham Slave Lake AB
259,Fushun,CN,73.11,light rain,41.8558,123.9233,Love Theme Apartment Xinhua Branch
260,Baculin,PH,80.28,light rain,7.4525,126.5842,Shovy's Cove
261,Sarangani,PH,82.9,moderate rain,5.4033,125.4636,Ballistic Islet
263,Trenggalek,ID,77.2,broken clouds,-8.05,111.7167,OYO 2966 Hotel Atriaz
265,Mantua,IT,79.83,light rain,45.1667,10.7833,Hotel la Favorita
266,Noumea,NC,73.38,scattered clouds,-22.2763,166.4572,H√¥tel Le Lagon
269,Chaohu,CN,77.11,overcast clouds,31.6,117.8667,Shell Hefei Chaohu Railway Station Wanda Plaza Hotel
270,Bari,IT,80.87,clear sky,41.1177,16.8512,Mercure Villa Romanazzi Carducci Bari
280,Ruteng,ID,71.17,clear sky,-8.6136,120.4721,Hotel FX72 Ruteng
281,Chandrakona,IN,82.38,broken clouds,22.7333,87.5167,Roy Mansion 3
283,Murska Sobota,SI,69.21,clear sky,46.6625,16.1664,Hotel Strk
284,Sao Francisco,BR,75.49,overcast clouds,-15.9486,-44.8644,Hotel Supremo
285,Kavieng,PG,83.79,light rain,-2.5744,150.7967,Nusa Island Retreat
290,Guane,CU,78.85,overcast clouds,22.2025,-84.0875,base de Campismo LosPortales de Guane
291,Cabras,IT,75.69,clear sky,39.93,8.5314,Hotel Villa Canu
292,Inirida,CO,72.61,few clouds,3.8653,-67.9239,Fuente del Guania Hotel de Lujo
294,Mount Isa,AU,78.57,clear sky,-20.7333,139.5,ibis Styles Mt Isa Verona
295,Salina Cruz,MX,83.35,broken clouds,16.1667,-95.2,Amerik HOTEL
297,Yuncheng,CN,75.67,overcast clouds,35.0231,110.9928,ÊôãÂ∑ûÂø´Êç∑ÈÖíÂ∫ó
298,Tarakan,ID,80.1,broken clouds,3.3,117.6333,RedDoorz Syariah near Taman Berlabuh Tarakan
299,Itacare,BR,69.69,clear sky,-14.2775,-38.9967,Ecoporan Hotel Charme Spa & Eventos
300,Nouadhibou,MR,71.58,clear sky,20.931,-17.0347,El Medina
304,Palaiokomi,GR,76.68,clear sky,40.8667,23.9,ŒôœâœÉŒ∑œÜŒπŒ¥ŒøœÖ ŒµŒªŒµŒΩŒ∑
305,Aksu,CN,69.6,overcast clouds,41.1231,80.2644,Pudong Holiday Hotel
306,Banda Aceh,ID,79.61,overcast clouds,5.5577,95.3222,Sulthan Hotel International
308,Voykove,UA,73.89,overcast clouds,45.3826,36.4372,Yuzhnaya
309,Krasnokamensk,RU,69.44,clear sky,50.0979,118.0369,Tsentral'naya
310,Port-Gentil,GA,76.73,overcast clouds,-0.7193,8.7815,Fengshui Residence
312,Sinnamary,GF,76.3,overcast clouds,5.3833,-52.95,ALETHEIA Appartement Sinnamary
313,Mitsamiouli,KM,76.28,clear sky,-11.3847,43.2844,Foyer ADM
315,Anloga,GH,77.22,overcast clouds,5.7947,0.8973,Pin Drop Hotel
318,Bubaque,GW,78.35,moderate rain,11.2833,-15.8333,"Casa Dora, Bubaque"
322,Samana,DO,79.0,overcast clouds,19.2056,-69.3369,The Bannister - Hotel & Yacht Club
323,Phangnga,TH,78.84,light rain,8.4509,98.5298,Sunimit Mansion
324,Osecina,RS,79.41,clear sky,44.3731,19.6014,Guest House Tesanovic
326,Karratha,AU,80.11,overcast clouds,-20.7377,116.8463,ibis Styles Karratha
327,Porto Novo,BJ,78.62,overcast clouds,6.4965,2.6036,Tour Eiffel Hotel Benin
329,Cururupu,BR,73.38,scattered clouds,-1.8283,-44.8683,POUSADA TRAV√âS'CIA
331,Hamilton,US,73.72,overcast clouds,39.1834,-84.5333,Six Acres Bed & Breakfast
336,Biak,ID,80.37,broken clouds,-0.9131,122.8766,Penginapan Kim
338,Athens,GR,78.13,clear sky,37.9795,23.7162,Novotel Athenes
339,Denpasar,ID,82.06,broken clouds,-8.65,115.2167,ASTON Denpasar Hotel & Convention Center
340,Mayumba,GA,74.16,overcast clouds,-3.432,10.6554,LIKWALE LODGE
344,Alghero,IT,69.89,scattered clouds,40.5589,8.3181,Villa Las Tronas Hotel & Spa
346,Fare,PF,78.3,clear sky,-16.7,-151.0167,Maitai Lapita Village Huahine
347,Tura,IN,76.08,overcast clouds,25.5198,90.2201,Hotel RIKMAN Continental
349,Sao Joao Da Barra,BR,68.7,broken clouds,-21.6403,-41.0511,Pousada Porto De Canoas
350,Pochutla,MX,83.25,overcast clouds,15.7432,-96.4661,Hotel Posada San Jose
354,Hasaki,JP,72.0,overcast clouds,35.7333,140.8333,Hotel Sunrise Choshi
356,Sungaipenuh,ID,68.14,overcast clouds,-2.0833,101.3833,Hotel Jaya Wisata 2
357,Bull Savanna,JM,78.71,broken clouds,17.8868,-77.5902,Big Red's
361,Owase,JP,73.35,light rain,34.0667,136.2,Business Hotel Phoenix
362,Kavaratti,IN,81.48,overcast clouds,10.5669,72.642,Hotels in Lakshadweep Islands
367,Mount Pleasant,US,82.98,clear sky,32.7941,-79.8626,Best Western Patriots Point
368,Matara,LK,77.68,overcast clouds,5.9485,80.5353,Amaloh Boutique Resort
371,Sola,VU,77.43,overcast clouds,-13.8833,167.55,Leumerus Bungalows
372,Praia Da Vitoria,PT,70.75,broken clouds,38.7333,-27.0667,Hotel Branco I
373,Vila Do Maio,CV,79.59,overcast clouds,15.1333,-23.2167,Hotel Marilu
375,Plastun,RU,70.12,clear sky,44.7561,136.2939,Gostinitsa Rossiyanochka
376,Pobe,BJ,71.08,overcast clouds,6.9801,2.6649,H√¥tel √âtoile d'Or de Pob√©
381,Lucapa,AO,68.81,clear sky,-8.4192,20.7447,Resid√™ncia Ulisses Dos Santos
383,Taganak,PH,84.34,overcast clouds,6.0833,118.3,Taganak
385,Bathsheba,BB,81.21,few clouds,13.2167,-59.5167,Atlantis Hotel
386,Hangu,CN,75.24,moderate rain,39.2489,117.7892,Chongli Xuexiang Family Express Inn
387,Vila Franca Do Campo,PT,73.81,broken clouds,37.7167,-25.4333,Pestana Bahia Praia
388,Lexington,US,73.29,moderate rain,37.9887,-84.4777,DoubleTree Suites by Hilton Hotel Lexington
389,Awbari,LY,80.82,clear sky,26.5921,12.7805,ŸÅŸÜÿØŸÇ ÿ£Ÿàÿ®ÿßÿ±Ÿä
391,Airai,TL,70.97,few clouds,-8.9266,125.4092,Juvinal Martin
392,Siva,EG,83.19,clear sky,29.2041,25.5195,Qasr Alzaytuna Inn
395,Kumluca,TR,82.38,clear sky,36.3703,30.2869,TurkuazK√∂y
397,Heze,CN,78.48,clear sky,35.2431,115.4411,Hanting Express Heze North Mudang Road University Town
398,Gizo,SB,83.01,light rain,-8.103,156.8419,Imagination Island
401,Dingli,MT,78.82,clear sky,35.8614,14.3822,The Xara Palace Relais & Chateaux
402,Carutapera,BR,75.79,overcast clouds,-1.195,-46.02,Lidera
403,Touros,BR,74.3,overcast clouds,-5.1989,-35.4608,INN NEW HORIZON
409,Jieshi,CN,83.32,clear sky,22.8134,115.8257,Yuehai Hotel
417,Mayo,US,78.78,broken clouds,38.8876,-76.5119,Resorts Resource Group International
419,Poso,ID,84.09,clear sky,-1.3959,120.7524,Hotel 77 Poso
421,Manaure,CO,82.42,clear sky,11.7751,-72.4445,Hotel Palaaima
422,Quang Ngai,VN,83.16,overcast clouds,15.1167,108.8,Central Hotel
423,Zhongxing,CN,76.51,light rain,33.7039,118.6792,New Century Grand Hotel Siyang
424,Lloydminster,CA,82.08,overcast clouds,53.2835,-110.0016,BCMInns - Lloydminster
425,Tomatlan,MX,83.34,overcast clouds,19.9333,-105.25,El Salvial
426,Yendi,GH,76.91,overcast clouds,9.4427,-0.0099,Eyarro Lodge
434,Chateaubelair,VC,81.21,overcast clouds,13.2833,-61.25,Richmond Vale Diving & Hiking Center
435,Wad Madani,SD,81.45,overcast clouds,14.4012,33.5199,ŸÅŸÜÿØŸÇ ŸäŸàÿ∫ÿ≥ŸÑÿßŸÅŸäÿß
438,Guanare,VE,77.02,overcast clouds,9.0418,-69.7421,Nuevo Hotel Coromoto
441,Thunder Bay,CA,83.98,broken clouds,48.4001,-89.3168,Victoria Inn Hotel and Convention Centre
442,Belen,TR,73.54,clear sky,36.4891,36.2233,Varlƒ±ba≈ü Uyku Sarayƒ±
443,Miraflores,MX,70.45,scattered clouds,19.2167,-98.8083,Hotel Mansi√≥n
444,Dalianwan,CN,80.64,light rain,39.0286,121.695,Huanghai Hotel
448,Nguru,NG,80.67,overcast clouds,12.8791,10.4526,Government Lodge
451,Tevaitoa,PF,78.85,few clouds,-16.7833,-151.5,H√¥tel Raiatea Lodge
452,Luanda,AO,71.87,overcast clouds,-8.8368,13.2343,LANDU MARINEZA LUFUANDU TONI
460,Jacareacanga,BR,76.14,overcast clouds,-6.2222,-57.7528,Casa do Ianüòé
463,Kulhudhuffushi,MV,81.52,overcast clouds,6.6221,73.07,Hondaafushi Island Resort
464,Kaseda,JP,79.83,moderate rain,31.4167,130.3167,Sun Stay Kaseda
469,Honiara,SB,84.72,broken clouds,-9.4333,159.95,Heritage Park Hotel
472,Coxim,BR,79.48,clear sky,-18.5067,-54.76,Hotel Avenida
474,Helong,CN,68.63,overcast clouds,42.5397,128.9972,Helong Hotel
478,Ugoofaaru,MV,81.37,overcast clouds,5.6667,73.0,Ungoofaaru Inn
481,Banjar,ID,82.26,clear sky,-8.19,114.9675,The Hamsa Resort
483,Tezu,IN,77.29,overcast clouds,27.9167,96.1667,Circuit House
485,Palmer,US,69.28,scattered clouds,42.1584,-72.3287,Wedgewood Motel
486,Pemangkat,ID,79.32,overcast clouds,1.1667,108.9667,Ramah Kost KITA
488,Saint-Pie,CA,69.76,overcast clouds,45.5001,-72.8991,Camping Aqua Parc St-Pie
490,Alibag,IN,77.07,broken clouds,18.6411,72.8792,"Radisson Blu Resort & Spa - Alibaug, India"
492,Gidam,IN,73.94,overcast clouds,18.9833,81.4,Dhanshree Lodge And DormItory
493,Mnogovershinnyy,RU,74.79,overcast clouds,53.9353,139.9242,Obshchezhitiye 14
495,Baoqing,CN,75.24,scattered clouds,46.3317,132.2111,Baoqing Hotel
496,West Bay,KY,84.27,few clouds,19.3667,-81.4167,Calypso Cove
498,Uzyn,UA,69.17,clear sky,49.8262,30.4149,Cafe motel Megasport
499,Galesong,ID,82.42,overcast clouds,-5.3166,119.3661,Sapriadi Appy
502,Samarai,PG,79.72,few clouds,-10.6167,150.6667,Nuli Sapi
503,Kefamenanu,ID,80.76,scattered clouds,-9.4467,124.4781,Sokowindo Losmen
505,Muisne,EC,74.88,overcast clouds,0.6,-80.0333,Quinta Samay
506,Jining,CN,78.21,clear sky,35.405,116.5814,Yunhe Star Hotel
510,Razole,IN,77.29,moderate rain,16.4833,81.8333,Sterling Palavelli Godavari
511,Sao Felix Do Xingu,BR,79.27,few clouds,-6.6447,-51.995,Rio Xingu Camping
514,Naifaru,MV,81.5,overcast clouds,5.4444,73.3657,Naifaru Residence Guest House
516,Ganzhou,CN,76.12,overcast clouds,28.8184,115.4327,Laotou Farm Restaurant Hostel
517,Kieta,PG,84.16,light rain,-6.2167,155.6333,Uruna Bay Retreat
518,Ryotsu,JP,76.96,overcast clouds,38.0833,138.4333,Sadokamoko Onsen Kohanno Yado Yoshidaya
519,Jogighopa,IN,80.29,scattered clouds,26.2333,90.5833,DRDA Training center
520,Saint-Francois,FR,68.18,overcast clouds,46.4154,3.9054,Manoir Du Bonheur
521,Dickinson,US,82.94,scattered clouds,29.4608,-95.0513,Hampton Inn & Suites Houston/League City
523,Diffa,NE,79.81,overcast clouds,13.3154,12.6113,ProDAF/Diffa
525,Matay,EG,80.71,clear sky,28.419,30.7792,Nag Aespen
533,Ponta Delgada,PT,74.12,scattered clouds,37.7333,-25.6667,Vila Nova Hotel
535,Faya,SA,70.32,overcast clouds,18.3851,42.4509,ÿßŸÖŸÑÿßŸÉ ÿÆÿßŸÑÿØ ÿßŸÑÿ¥ÿπÿ¥Ÿàÿπ
537,Alofi,NU,75.09,overcast clouds,-19.0595,-169.9187,Taloa Heights
538,Hambantota,LK,77.34,few clouds,6.1241,81.1185,Bungalow 63
539,San Cristobal,VE,73.58,broken clouds,7.7669,-72.225,Posada Villaven C.A.
542,Kudahuvadhoo,MV,82.15,overcast clouds,2.6708,72.8944,Niyama Private Islands Maldives
546,Prainha,BR,76.78,scattered clouds,-1.8,-53.48,Casa Rocha
548,Maragogi,BR,72.21,few clouds,-9.0122,-35.2225,Salinas do Maragogi All Inclusive Resort
553,Cortez,US,83.16,clear sky,37.3489,-108.5859,Sand Canyon National 9 Inn
554,San Quintin,MX,73.74,few clouds,30.4833,-115.95,Don Eddie's Sport Fishing Center
557,Nicoya,CR,72.95,light rain,10.1483,-85.452,Las Cabinas Del Sue√±o
558,Caarapo,BR,70.68,clear sky,-22.6342,-54.8222,Hotel Pousada Quinta do Sul
560,Moissac,FR,68.95,clear sky,44.1024,1.0945,H√¥tel & Spa Le Moulin De Moissac
564,Muli,MV,82.17,broken clouds,2.9167,73.5667,Medhufushi Island Resort
565,Okha,RU,70.29,clear sky,53.5739,142.9478,–ò–º–ø–µ—Ä–∏—è
569,Kodinar,IN,80.26,overcast clouds,20.7903,70.7031,residency of N.B vadhel
570,Lanzhou,CN,70.88,few clouds,36.0564,103.7922,Lanzhou Amdo Xiangbala Hotel
571,Meulaboh,ID,77.04,light rain,4.1363,96.1285,Kost Pria
573,Changde,CN,73.58,overcast clouds,29.0464,111.6783,Kangshida Hotel
575,Luang Prabang,LA,76.96,mist,19.8856,102.1347,Villa Oasis
577,Guiglo,CI,70.27,broken clouds,6.5456,-7.4966,Hotel GBAOLY 2
578,Roebourne,AU,80.62,scattered clouds,-20.7833,117.1333,Latitude20 Roebourne Village
579,Najran,SA,81.25,overcast clouds,17.4924,44.1277,ŸÖÿ≠ŸÖÿØ ŸáÿßÿØŸä ÿßŸÑ ŸÅÿ∑Ÿäÿ≠
582,Pilar,BR,71.53,broken clouds,-9.5972,-35.9567,Pousada e churrascaria Manguaba
583,Jiwani,PK,79.14,overcast clouds,25.05,61.7417,Al Mumtaz Transport Jiwani
585,Zhanaozen,KZ,72.95,clear sky,43.3,52.8,K.korabay 28A
586,Andros Town,BS,82.36,overcast clouds,24.7,-77.7667,Hanks place
589,Mackay,AU,77.04,broken clouds,-21.15,149.2,International Lodge Motel
590,North Bend,US,72.91,scattered clouds,43.4065,-124.2243,Red Lion Hotel Coos Bay
592,The Valley,AI,84.06,overcast clouds,18.217,-63.0578,CeBlue Villas & Beach Resort
594,Santa Cruz,BO,71.06,clear sky,-17.8,-63.1667,Aviador Hotel Boutique
595,Guanagazapa,GT,81.46,overcast clouds,14.2253,-90.6433,El Ranchon de Nicho
598,Pangai,TO,75.31,few clouds,-19.8,-174.35,Ha'apai Beach Resort
599,Bowen,AU,75.42,broken clouds,-20.0167,148.2333,Castle Motor Lodge Motel
600,Flinders,AU,69.19,clear sky,-34.5833,150.8552,Shellharbour Resort & Conference Centre
601,Le Marin,MQ,81.72,few clouds,14.4721,-60.8697,R√©sidence des √Æles
605,Charlestown,AU,69.93,clear sky,-32.95,151.6667,Panorama Motor Inn Hotel
606,Jiuquan,CN,81.0,clear sky,39.7432,98.5174,Jiuquan Hotel
608,Tateyama,JP,71.62,overcast clouds,34.9833,139.8667,Tateyama Seaside Hotel
611,Vaitape,PF,78.55,light rain,-16.5167,-151.75,Conrad Bora Bora Nui
613,Emerald,AU,75.34,clear sky,-23.5333,148.1667,The Irish Village
614,Bambanglipuro,ID,81.82,few clouds,-7.95,110.2833,Puri Brata
615,Pasni,PK,78.93,overcast clouds,25.2631,63.471,Kashmiri Hotal
620,Kananga,CD,71.17,clear sky,-5.8958,22.4178,Guest House Wood Land
622,Bontang,ID,82.06,broken clouds,0.1333,117.5,KOPKAR Hotel Bintang Sintuk
623,Sibu,MY,77.31,light rain,2.3,111.8167,RH HOTEL (4 Star)
626,San Carlos Del Zulia,VE,77.5,scattered clouds,9.0,-71.9135,Hotel El Manantial
628,Dwarka,IN,80.37,overcast clouds,22.2394,68.9678,Hotel Narayan Avezika Comfort
629,Jiutai,CN,75.54,overcast clouds,44.1525,125.8328,Jinhua Restaurant
631,Khvorostyanka,RU,70.36,overcast clouds,52.6096,48.9597,Gostinitsa Nedorogo
632,Yerakion,GR,73.29,clear sky,37.0,22.7,Xenonas Nikia
633,Siderno,IT,82.58,clear sky,38.2779,16.302,Grand Hotel President
639,Salinopolis,BR,77.4,moderate rain,-0.6136,-47.3561,Salinas Park Resort Ma√ßarico AP101
641,Abrau-Dyurso,RU,69.26,overcast clouds,44.69,37.59,Avgustin Inn
643,Catole Do Rocha,BR,75.65,broken clouds,-6.3439,-37.7467,"Ber√ßo da Civiliza√ß√£o Ocidental, Epicentro da Terra, Origem de Toda a Cultura Asteca, Inca, Maia, Pigmeu"
645,Nouakchott,MR,78.73,scattered clouds,18.0858,-15.9785,HOTEL IMAN ŸÅŸÜÿØŸÇ ÿ•ŸäŸÖÿßŸÜ
649,Makasar,ID,82.45,few clouds,-5.14,119.4221,Hotel Horison Ultima Makassar
651,Banfora,BF,70.68,broken clouds,10.6333,-4.7667,Residences David Hebi√©
652,Dalby,AU,68.7,few clouds,-27.1833,151.2667,Kobbers Motor Inn Dalby
653,Inongo,CD,71.6,light rain,-1.95,18.2667,Hotel Du Lac
658,Arona,ES,80.69,clear sky,28.0996,-16.681,Paradise Court
659,Qingdao,CN,83.8,scattered clouds,36.0986,120.3719,‰∏úÊôñÂõΩÈôÖÂ§ßÈÖíÂ∫óÈ§êÂéÖ
660,Santarem,BR,77.13,few clouds,-2.4431,-54.7083,Ecotur Lodge
664,Marsh Harbour,BS,82.42,light rain,26.5412,-77.0636,Abaco Beach Resort
666,Coos Bay,US,75.31,scattered clouds,43.3665,-124.2179,Best Western Holiday Hotel
667,Kakching,IN,72.88,moderate rain,24.4833,93.9833,Dorendro Yengkhom's Shanghai
668,Innisfail,AU,72.14,broken clouds,-17.5333,146.0333,Moondarra Motel
671,Pingdingshan,CN,74.39,light rain,33.7385,113.3012,Chengfu Hotel
672,Malindi,KE,74.32,overcast clouds,-3.2175,40.1191,African House Resort
673,North Branch,US,79.09,clear sky,45.5113,-92.9802,AmericInn by Wyndham North Branch
674,Tayu,ID,82.85,overcast clouds,-6.5397,111.0518,Toko pakaian bu is Tayu
676,San Matias,BO,78.96,clear sky,-16.3667,-58.4,"HOTEL ""SAN JOSE"""
677,Bom Jesus,BR,69.91,clear sky,-9.0744,-44.3586,Hotel Bras√£o & Floricultura Bella Flor
678,Cayenne,GF,78.1,scattered clouds,4.9333,-52.3333,H√¥tel Le Dronmi
679,Methoni,GR,77.22,clear sky,36.8197,21.7049,Methoni Beach Hotel
680,Aguimes,ES,77.63,clear sky,27.9054,-15.4461,Hotel Villa de Aguimes
682,Wewak,PG,84.49,broken clouds,-3.5534,143.6268,In Wewak Boutique Hotel
683,Rolla,US,75.51,clear sky,37.9514,-91.7713,"Holiday Inn Express & Suites Rolla - Univ of Missouri S&T, an IHG Hotel"
684,Parasia,IN,75.07,overcast clouds,22.2,78.7667,Hotel Navrang
685,Poum,NC,73.53,overcast clouds,-20.2333,164.0167,G√Æte kajeon
686,Zuenoula,CI,68.41,overcast clouds,7.4292,-6.0431,Hotel Prestige Zla
687,Mamallapuram,IN,82.45,moderate rain,12.6264,80.1722,Radisson Blu Resort Temple Bay Mamallapuram
688,San Jose De Guanipa,VE,73.49,overcast clouds,8.8872,-64.1651,HOTEL 283 SUITES
689,Finschhafen,PG,80.19,heavy intensity rain,-6.6024,147.8681,Cossam Guest House
691,Salo,IT,78.87,broken clouds,45.6086,10.531,Park Hotel Casimiro Village - Blu Hotels
693,Diamantino,BR,75.99,clear sky,-14.4086,-56.4461,Hotel Delta
695,Sokoni,TZ,75.51,light rain,-6.4333,39.55,Ujamaa Beach Resort
696,Am Timan,TD,72.05,broken clouds,11.0297,20.2827,Palais du chef Canton Salamt
