City_ID,City,Country,Lat,Lng,Max Temp,Humidity,Cloudiness,Wind Speed,Description
0,Albany,US,42.6001,-73.9662,66.02,80,100,3.15,overcast clouds
1,Busselton,AU,-33.65,115.3333,59.04,63,0,10.76,clear sky
2,Evensk,RU,61.95,159.2333,55.85,75,41,9.66,scattered clouds
3,Saint-Pierre,RE,-21.3393,55.4781,65.84,82,75,9.22,broken clouds
4,Rikitea,PF,-23.1203,-134.9692,74.82,75,0,12.82,clear sky
5,Lagos,NG,6.5833,3.75,77.32,86,100,5.28,overcast clouds
6,Borba,BR,-4.3878,-59.5939,77.68,72,77,2.33,broken clouds
7,Yellowknife,CA,62.456,-114.3525,61.32,67,75,14.97,broken clouds
8,Clyde River,CA,70.4692,-68.5914,43.7,79,95,1.05,overcast clouds
9,Saldanha,ZA,-33.0117,17.9442,51.85,66,11,11.77,few clouds
10,Vaini,TO,-21.2,-175.2,77.16,65,40,13.8,scattered clouds
11,Ushuaia,AR,-54.8,-68.3,42.46,81,40,3.44,scattered clouds
12,Ossora,RU,59.2353,163.0719,58.98,82,99,4.76,overcast clouds
13,Carnarvon,AU,-24.8667,113.6333,71.67,75,0,11.5,clear sky
14,Katsuura,JP,35.1333,140.3,71.71,89,100,13.38,overcast clouds
15,Barrow,US,71.2906,-156.7887,39.22,81,40,17.27,scattered clouds
16,Port Elizabeth,ZA,-33.918,25.5701,57.49,94,0,5.75,clear sky
17,Husavik,IS,66.0449,-17.3389,48.11,85,100,2.57,overcast clouds
18,Tucumcari,US,35.1717,-103.725,82.24,42,1,8.05,clear sky
19,Vostok,RU,46.4856,135.8833,69.21,63,14,2.33,few clouds
20,Necochea,AR,-38.5473,-58.7368,44.04,71,1,10.4,clear sky
21,Dingle,PH,10.9995,122.6711,84.2,75,50,5.48,light rain
22,Westport,US,41.1415,-73.3579,75.34,74,1,1.99,clear sky
23,Geraldton,AU,-28.7667,114.6,63.01,48,4,18.41,clear sky
24,Nargana,PA,9.4428,-78.5906,80.19,82,93,5.1,overcast clouds
25,Iqaluit,CA,63.7506,-68.5145,46.13,81,90,3.44,overcast clouds
26,Ostrovnoy,RU,68.0531,39.5131,50.95,98,100,11.68,overcast clouds
27,Atuona,PF,-9.8,-139.0333,77.97,66,9,12.37,clear sky
28,Lamu,KE,-2.2717,40.902,75.42,80,18,16.31,few clouds
29,Arlit,NE,18.7369,7.3853,93.09,26,92,6.31,overcast clouds
30,Bethel,US,41.3712,-73.414,71.96,77,1,5.75,clear sky
31,Hobyo,SO,5.3505,48.5268,76.51,83,65,24.58,broken clouds
32,Saskylakh,RU,71.9167,114.0833,56.1,57,100,12.12,overcast clouds
33,Kahului,US,20.8947,-156.47,85.26,69,40,20.71,scattered clouds
34,Pisco,PE,-13.7,-76.2167,62.02,82,2,12.66,clear sky
35,Bonfim,BR,3.0833,-59.95,75.22,88,93,2.39,moderate rain
36,Butaritari,KI,3.0707,172.7902,83.3,73,17,10.07,light rain
37,Kiunga,PG,-6.1219,141.2906,78.3,92,98,4.03,overcast clouds
38,Salalah,OM,17.0151,54.0924,77.09,94,90,4.61,overcast clouds
39,Kargasok,RU,59.0556,80.8572,60.58,82,13,6.87,few clouds
40,Mokhsogollokh,RU,61.4681,128.9203,75.4,65,23,3.98,few clouds
41,Viedma,AR,-40.8135,-62.9967,60.98,28,100,18.77,overcast clouds
42,Narsaq,GL,60.9167,-46.05,50.22,98,100,4.43,light rain
43,Upernavik,GL,72.7868,-56.1549,43.43,94,100,6.51,light rain
44,Torbay,CA,47.6666,-52.7314,70.57,91,40,11.5,scattered clouds
45,Tanete,ID,-3.9443,119.7848,84.42,64,11,12.41,few clouds
46,Mahibadhoo,MV,3.7833,72.9667,82.45,70,71,13.94,broken clouds
47,Saint-Joseph,RE,-21.3667,55.6167,64.76,73,98,13.18,overcast clouds
48,Dukat,RU,62.55,155.55,64.08,50,100,6.73,overcast clouds
49,Klaksvik,FO,62.2266,-6.589,41.92,74,93,5.3,overcast clouds
50,Taltal,CL,-25.4,-70.4833,59.31,73,0,2.53,clear sky
51,Port Alfred,ZA,-33.5906,26.891,58.75,76,0,13.87,clear sky
52,Oriximina,BR,-1.7656,-55.8661,74.82,90,30,2.26,scattered clouds
53,Sitka,US,57.0531,-135.33,57.09,82,90,3.44,light rain
54,Namatanai,PG,-3.6667,152.4333,82.04,78,100,10.0,moderate rain
55,Hermanus,ZA,-34.4187,19.2345,55.9,71,67,7.63,broken clouds
56,Radomsko,PL,51.0671,19.4448,63.72,72,100,9.51,overcast clouds
57,Mirnyy,RU,62.5353,113.9611,60.24,86,100,6.76,overcast clouds
58,Bonavista,CA,48.6499,-53.1147,71.6,98,33,12.33,moderate rain
59,Norman Wells,CA,65.282,-126.8329,60.84,67,75,9.22,light rain
60,Umea,SE,63.8284,20.2597,53.91,100,75,3.44,broken clouds
61,Mataura,NZ,-46.1927,168.8643,55.47,54,50,5.14,scattered clouds
62,Azare,NG,11.6765,10.1948,73.94,88,100,8.05,overcast clouds
63,Yerofey Pavlovich,RU,53.9667,121.9667,72.16,51,0,3.6,clear sky
64,Yangjiang,CN,21.85,111.9667,83.57,80,100,2.55,light rain
65,Bohodukhiv,UA,50.1647,35.5276,60.84,47,14,4.92,few clouds
66,Dikson,RU,73.5069,80.5464,44.13,100,100,9.6,light rain
67,Avarua,CK,-21.2078,-159.775,73.45,78,90,4.61,light rain
68,Ruidoso,US,33.3317,-105.673,70.25,74,75,9.22,broken clouds
69,Chokurdakh,RU,70.6333,147.9167,47.66,51,63,6.53,broken clouds
70,Harper,LR,4.375,-7.7169,75.4,75,56,8.37,broken clouds
71,Puerto Ayora,EC,-0.7393,-90.3518,69.55,93,40,5.01,scattered clouds
72,Brignoles,FR,43.4,6.0667,74.95,69,0,4.65,clear sky
73,Kodiak,US,57.79,-152.4072,56.64,64,5,0.63,clear sky
74,Inhambane,MZ,-23.865,35.3833,63.5,78,0,7.14,clear sky
75,Lompoc,US,34.6391,-120.4579,77.11,86,75,12.66,mist
76,Benalla,AU,-36.55,145.9833,53.35,72,74,14.03,broken clouds
77,Laramie,US,41.3114,-105.5911,69.73,47,75,4.0,broken clouds
78,Mehamn,NO,71.0357,27.8492,44.83,82,100,10.83,overcast clouds
79,Bambous Virieux,MU,-20.3428,57.7575,66.45,77,40,11.5,light rain
80,Punta Arenas,CL,-53.15,-70.9167,41.11,93,90,4.61,overcast clouds
81,Laguna,US,38.421,-121.4238,100.26,32,1,9.22,haze
82,Choix,MX,26.7092,-108.3219,90.07,54,9,3.94,clear sky
83,Carauari,BR,-4.8828,-66.8958,78.78,64,46,2.68,scattered clouds
84,College,US,64.8569,-147.8028,52.59,93,90,10.36,light rain
85,Bluff,NZ,-46.6,168.3333,55.8,62,98,16.44,overcast clouds
86,Mar Del Plata,AR,-38.0023,-57.5575,48.22,100,90,8.05,fog
87,Port Hedland,AU,-20.3167,118.5667,84.25,26,3,10.36,clear sky
88,Provideniya,RU,64.3833,-173.3,44.71,81,90,13.42,light rain
89,Eureka,US,40.8021,-124.1637,69.13,81,71,5.99,broken clouds
90,Coahuayana,MX,18.7333,-103.6833,83.68,88,100,4.5,overcast clouds
91,Urumqi,CN,43.801,87.6005,63.55,77,75,0.0,broken clouds
92,Kloulklubed,PW,7.0419,134.2556,86.5,74,77,6.93,broken clouds
93,Ambanja,MG,-13.6833,48.45,67.39,84,35,4.76,scattered clouds
94,Nikolskoye,RU,59.7035,30.7861,59.02,87,59,10.33,broken clouds
95,Honningsvag,NO,70.9821,25.9704,45.54,78,100,12.37,overcast clouds
96,Saint-Philippe,RE,-21.3585,55.7679,65.75,74,98,13.0,overcast clouds
97,Faanui,PF,-16.4833,-151.75,78.71,75,15,8.75,few clouds
98,Tual,ID,-5.6667,132.75,79.56,85,74,22.53,broken clouds
99,Asau,RO,46.4333,26.4,65.95,81,0,4.61,clear sky
100,Paysandu,UY,-32.3214,-58.0756,53.6,80,0,6.42,clear sky
101,Vila Velha,BR,-20.3297,-40.2925,69.75,94,75,4.61,broken clouds
102,New Norfolk,AU,-42.7826,147.0587,45.9,82,64,14.79,broken clouds
103,Nuuk,GL,64.1835,-51.7216,47.01,100,75,9.22,light snow
104,Egvekinot,RU,66.3167,-179.1667,47.3,62,95,6.49,overcast clouds
105,Mecca,SA,21.4267,39.8261,86.95,45,72,4.52,broken clouds
106,Mafinga,TZ,-7.25,35.0667,64.45,56,2,5.73,clear sky
107,Hashtrud,IR,37.4779,47.0508,63.36,47,3,4.41,clear sky
108,Tiksi,RU,71.6872,128.8694,43.95,80,3,8.84,clear sky
109,Cabo San Lucas,MX,22.8909,-109.9124,90.61,73,20,11.5,few clouds
110,Sao Filipe,CV,14.8961,-24.4956,76.59,89,100,3.27,overcast clouds
111,Nizhyn,UA,51.048,31.8869,65.23,61,4,5.5,clear sky
112,Seoul,KR,37.5683,126.9778,81.97,55,0,6.91,clear sky
113,Talara,PE,-4.5772,-81.2719,63.86,86,6,14.16,clear sky
114,Botwood,CA,49.1499,-55.3482,74.68,95,61,4.16,broken clouds
115,Illapel,CL,-31.6308,-71.1653,52.54,83,100,1.77,overcast clouds
116,Tasiilaq,GL,65.6145,-37.6368,50.16,65,82,4.29,broken clouds
117,Khanpur,PK,28.6453,70.6567,83.95,59,5,13.33,clear sky
118,La Palma,US,33.8464,-118.0467,99.95,55,1,5.01,clear sky
119,Calafell,ES,41.2,1.5683,79.75,72,4,2.86,clear sky
120,Bredasdorp,ZA,-34.5322,20.0403,54.28,93,5,3.44,clear sky
121,Herat,AF,34.5,62.0,63.36,20,0,10.31,clear sky
122,Pacific Grove,US,36.6177,-121.9166,92.61,88,40,1.99,scattered clouds
123,Chuy,UY,-33.6971,-53.4616,53.01,98,50,2.28,scattered clouds
124,East London,ZA,-33.0153,27.9116,58.28,72,0,10.36,clear sky
125,Bandarbeyla,SO,9.4942,50.8122,77.4,73,44,26.28,scattered clouds
126,Ahipara,NZ,-35.1667,173.1667,58.68,71,63,8.81,broken clouds
127,Kapoeta,SS,4.7717,33.5903,72.39,67,80,4.29,broken clouds
128,Qaracala,AZ,39.8132,48.9523,74.25,42,2,5.35,clear sky
129,Northam,GB,51.0333,-4.2167,60.66,88,8,12.59,clear sky
130,Rincon,US,32.296,-81.2354,82.26,98,75,0.0,broken clouds
131,Porto Nacional,BR,-10.7081,-48.4172,77.0,22,0,1.12,clear sky
132,Hovd,MN,48.0056,91.6419,55.96,90,100,5.95,overcast clouds
133,Naze,JP,28.3667,129.4833,85.12,78,100,10.87,overcast clouds
134,Hobart,AU,-42.8794,147.3294,46.26,75,75,1.99,broken clouds
135,Hami,CN,42.8,93.45,76.98,41,100,7.11,overcast clouds
136,Karacakoy,TR,41.4029,28.3834,76.68,66,0,6.96,clear sky
137,Kapaa,US,22.0752,-159.319,87.78,65,20,3.0,few clouds
138,Virginia Beach,US,36.8529,-75.978,79.02,83,100,10.13,overcast clouds
139,Qaanaaq,GL,77.484,-69.3632,38.07,99,100,5.79,light rain
140,Saint Anthony,US,45.0205,-93.218,79.72,48,1,5.99,clear sky
141,Grindavik,IS,63.8424,-22.4338,51.75,100,90,6.91,light intensity drizzle
142,Cidreira,BR,-30.1811,-50.2056,58.03,94,3,3.78,clear sky
143,Adrar,MR,20.5022,-10.0711,92.32,17,93,9.08,overcast clouds
144,Lorengau,PG,-2.0226,147.2712,83.23,75,94,6.64,overcast clouds
145,Cherskiy,RU,68.75,161.3,43.77,82,100,4.65,overcast clouds
146,Les Cayes,HT,18.2,-73.75,80.31,82,75,2.13,broken clouds
147,Hay River,CA,60.8156,-115.7999,57.18,94,90,12.66,moderate rain
148,Saint George,US,37.1041,-113.5841,103.62,21,1,3.0,clear sky
149,Bintulu,MY,3.1667,113.0333,79.21,89,20,0.0,few clouds
150,Senno,RU,59.5336,33.9167,53.1,97,24,8.59,few clouds
151,Puerto El Triunfo,SV,13.2833,-88.55,80.76,83,19,3.42,few clouds
152,Woodstock,CA,43.1334,-80.7497,66.07,75,47,7.16,scattered clouds
153,Fortuna,US,40.5982,-124.1573,68.86,67,75,1.01,broken clouds
154,Mpika,ZM,-11.8343,31.4529,52.97,81,0,9.06,clear sky
155,Myitkyina,MM,25.3833,97.4,75.42,100,100,0.45,overcast clouds
156,Flin Flon,CA,54.7682,-101.865,74.95,36,96,6.67,overcast clouds
157,Oktyabrskiy,RU,54.4815,53.471,61.77,42,7,2.86,clear sky
158,Calama,CL,-22.4667,-68.9333,54.09,20,0,1.14,clear sky
159,Cape Town,ZA,-33.9258,18.4232,56.12,87,0,4.61,clear sky
160,Longyearbyen,SJ,78.2186,15.6401,37.24,81,75,4.61,broken clouds
161,Gat,IL,31.61,34.7642,77.68,100,0,2.46,clear sky
162,Vanavara,RU,60.34,102.2797,60.73,71,27,4.99,scattered clouds
163,Sherghati,IN,24.5667,84.7833,80.22,81,100,2.28,overcast clouds
164,Deniliquin,AU,-35.5333,144.9667,57.0,53,86,16.93,overcast clouds
165,Lawton,US,34.6087,-98.3903,86.47,56,1,5.75,clear sky
166,Gull Lake,CA,50.1001,-108.4847,80.96,17,13,10.11,few clouds
167,Dzaoudzi,YT,-12.7887,45.2699,76.89,78,20,14.97,few clouds
168,Castro,BR,-24.7911,-50.0119,57.45,90,42,3.02,scattered clouds
169,Bahia Blanca,AR,-38.7196,-62.2724,54.1,48,100,10.51,overcast clouds
170,Tuktoyaktuk,CA,69.4541,-133.0374,53.6,82,90,6.91,overcast clouds
171,Iralaya,HN,15.0,-83.2333,80.56,80,3,7.63,clear sky
172,Kidal,ML,18.4411,1.4078,90.7,36,9,7.23,clear sky
173,Arraial Do Cabo,BR,-22.9661,-42.0278,68.99,84,1,15.12,clear sky
174,Cabanas,CU,22.9758,-82.9219,77.47,82,100,7.76,light rain
175,Georgetown,MY,5.4112,100.3354,81.9,87,20,1.01,few clouds
176,Huarmey,PE,-10.0681,-78.1522,63.16,83,63,10.16,broken clouds
177,Hithadhoo,MV,-0.6,73.0833,82.71,70,100,14.16,overcast clouds
178,Bayburt,TR,40.2589,40.2278,57.42,83,99,1.92,overcast clouds
179,Maridi,SS,4.9158,29.4742,65.12,96,65,3.56,broken clouds
180,Curup,ID,-3.4667,102.5333,71.47,90,99,4.14,overcast clouds
181,Bengkulu,ID,-3.8004,102.2655,77.76,81,68,4.65,broken clouds
182,Pouebo,NC,-20.4,164.5667,74.91,53,48,14.9,scattered clouds
183,Vizinga,RU,61.0749,50.1031,59.76,70,91,8.39,overcast clouds
184,Santa Barbara,US,34.7333,-120.0343,77.77,32,0,6.78,clear sky
185,Vao,NC,-22.6667,167.4833,68.58,60,82,16.78,broken clouds
186,Kaitangata,NZ,-46.2817,169.8464,56.39,52,100,11.65,overcast clouds
187,Togul,RU,53.465,85.9128,58.24,86,0,2.19,clear sky
188,Linqing,CN,36.8456,115.7117,78.15,77,0,1.39,clear sky
189,Ribeira Grande,PT,38.5167,-28.7,72.34,86,82,4.12,broken clouds
190,Nassau,US,40.7507,-73.5829,76.66,74,1,4.61,clear sky
191,Tecoanapa,MX,16.5167,-98.75,80.38,85,30,4.63,scattered clouds
192,Sorland,NO,67.667,12.6934,51.85,78,100,18.39,overcast clouds
193,Yala,TH,6.3333,101.25,76.35,91,100,1.34,overcast clouds
194,Presidencia Roque Saenz Pena,AR,-26.7852,-60.4388,59.79,64,0,5.41,clear sky
195,Pasighat,IN,28.0667,95.3333,79.09,91,100,0.54,overcast clouds
196,Hilo,US,19.7297,-155.09,82.13,75,75,11.5,broken clouds
197,Hofn,IS,64.2539,-15.2082,52.92,92,100,0.56,overcast clouds
198,Puerto Madryn,AR,-42.7692,-65.0385,60.67,28,100,22.82,overcast clouds
199,Ambunti,PG,-4.2365,142.8448,87.58,64,95,0.56,overcast clouds
200,Aksay,RU,47.26,39.87,68.74,89,99,2.89,overcast clouds
201,Kashi,CN,39.4547,75.9797,74.23,24,40,6.71,scattered clouds
202,Khatanga,RU,71.9667,102.5,57.83,58,100,16.55,overcast clouds
203,Thompson,CA,55.7435,-97.8558,68.16,52,75,10.36,broken clouds
204,Cooma,AU,-36.2333,149.1333,55.17,35,0,23.02,clear sky
205,Sulangan,PH,11.1373,123.7228,82.85,75,92,3.06,overcast clouds
206,Baykit,RU,61.67,96.37,59.07,79,100,2.1,overcast clouds
207,General Roca,AR,-39.0333,-67.5833,50.4,19,100,3.69,light rain
208,Zhaotong,CN,27.3167,103.7167,64.51,89,99,3.74,overcast clouds
209,Petropavlovsk-Kamchatskiy,RU,53.0452,158.6483,64.99,59,0,2.24,clear sky
210,Okhotsk,RU,59.3833,143.3,65.62,80,100,4.56,overcast clouds
211,Caravelas,BR,-17.7125,-39.2481,69.8,88,20,5.37,few clouds
212,Mahebourg,MU,-20.4081,57.7,66.49,77,40,11.5,light rain
213,Nhulunbuy,AU,-12.2333,136.7667,84.81,54,40,17.27,scattered clouds
214,Hearst,CA,49.6835,-83.6665,75.45,55,28,10.13,scattered clouds
215,Natal,BR,-5.795,-35.2094,74.05,83,0,8.05,clear sky
216,Keti Bandar,PK,24.1447,67.4497,79.48,81,98,14.09,overcast clouds
217,Shieli,KZ,44.1667,66.75,65.86,36,0,7.76,clear sky
218,Chagoda,RU,59.164,35.3285,53.26,98,73,7.61,broken clouds
219,Olafsvik,IS,64.8945,-23.7142,53.26,89,100,10.51,overcast clouds
220,Kuala Terengganu,MY,5.3302,103.1408,80.55,89,20,3.44,few clouds
221,Kamina,CD,-8.7386,24.9906,63.43,38,0,4.94,clear sky
222,Maceio,BR,-9.6658,-35.7353,72.84,83,75,4.61,broken clouds
223,Ndende,GA,-2.4008,11.3581,72.9,86,19,3.04,few clouds
224,Fougamou,GA,-1.2154,10.5838,73.67,87,23,2.84,few clouds
225,Ogdensburg,US,44.6942,-75.4863,65.12,85,20,0.0,few clouds
226,Camacha,PT,33.0833,-16.3333,83.16,88,20,17.27,few clouds
227,Cuamba,MZ,-14.8031,36.5372,61.0,83,0,5.55,clear sky
228,Broome,US,42.2506,-75.833,66.7,82,1,1.99,clear sky
229,Gebze,TR,40.8028,29.4307,71.8,88,0,6.91,clear sky
230,Bloemfontein,ZA,-29.1211,26.214,40.48,100,0,3.44,fog
231,Esperance,AU,-33.8667,121.9,51.64,79,0,9.04,clear sky
232,Nchelenge,ZM,-9.3451,28.734,67.77,49,20,6.62,few clouds
233,Kampot,KH,10.6167,104.1833,78.85,70,15,1.95,few clouds
234,Guerrero Negro,MX,27.9769,-114.0611,75.16,70,6,17.13,clear sky
235,Abashiri,JP,44.0213,144.2697,70.09,64,75,9.22,broken clouds
236,Verkhnevilyuysk,RU,63.4453,120.3167,55.49,80,97,4.9,overcast clouds
237,Yulara,AU,-25.2406,130.9889,66.04,19,90,18.41,overcast clouds
238,Norrtalje,SE,59.758,18.705,57.43,83,100,6.85,overcast clouds
239,Port Lincoln,AU,-34.7333,135.8667,56.35,67,100,9.73,overcast clouds
240,Elat,IL,29.5581,34.9482,82.22,45,0,8.03,clear sky
241,Yumen,CN,40.2833,97.2,73.99,34,8,20.54,clear sky
242,Nara,JP,34.6851,135.8049,79.92,84,100,1.97,overcast clouds
243,Lasa,IT,46.6166,10.7002,68.88,83,100,3.27,overcast clouds
244,Askiz,RU,53.1319,90.5264,60.6,90,98,1.99,overcast clouds
245,Umba,RU,66.6871,34.3429,53.19,94,100,9.31,overcast clouds
246,Praia,CV,14.9215,-23.5087,79.34,89,20,16.11,few clouds
247,Road Town,VG,18.4167,-64.6167,81.19,81,100,19.3,overcast clouds
248,Dunedin,NZ,-45.8742,170.5036,56.8,43,100,18.01,overcast clouds
249,Bumba,CD,2.1833,22.4667,69.73,95,45,2.04,scattered clouds
250,Souillac,MU,-20.5167,57.5167,66.58,77,40,11.5,scattered clouds
251,Olga,RU,43.7444,135.2892,70.45,61,10,5.48,clear sky
252,Chicama,PE,-7.8447,-79.1469,61.34,82,98,6.62,overcast clouds
253,Grand-Lahou,CI,5.1367,-5.0242,73.71,86,88,6.49,overcast clouds
254,Finnsnes,NO,69.2296,17.9811,48.81,87,100,2.62,overcast clouds
255,Coihaique,CL,-45.5752,-72.0662,40.95,93,90,3.44,light intensity shower rain
256,Boguchany,RU,58.3814,97.4531,62.2,66,63,4.18,broken clouds
257,Kamloops,CA,50.6665,-120.3192,84.58,31,75,5.01,smoke
258,Slave Lake,CA,55.2834,-114.769,75.18,46,75,3.44,broken clouds
259,Fushun,CN,41.8558,123.9233,73.11,83,100,2.95,light rain
260,Baculin,PH,7.4525,126.5842,80.28,81,100,4.68,light rain
261,Sarangani,PH,5.4033,125.4636,82.9,74,88,14.29,moderate rain
262,Sambava,MG,-14.2667,50.1667,66.45,80,19,12.53,few clouds
263,Trenggalek,ID,-8.05,111.7167,77.2,83,60,7.29,broken clouds
264,Lavrentiya,RU,65.5833,-171.0,42.51,87,100,6.04,overcast clouds
265,Mantua,IT,45.1667,10.7833,79.83,81,6,5.61,light rain
266,Noumea,NC,-22.2763,166.4572,73.38,57,46,13.38,scattered clouds
267,Haines Junction,CA,60.7522,-137.5108,62.55,42,93,5.75,overcast clouds
268,Sobolevo,RU,54.4299,31.8996,59.22,77,93,4.41,overcast clouds
269,Chaohu,CN,31.6,117.8667,77.11,93,100,0.67,overcast clouds
270,Bari,IT,41.1177,16.8512,80.87,43,0,3.44,clear sky
271,Kishtwar,IN,33.3167,75.7667,58.57,70,0,5.06,clear sky
272,Dudinka,RU,69.4058,86.1778,53.92,96,100,15.1,light rain
273,Great Falls,US,47.5002,-111.3008,94.39,16,1,17.27,clear sky
274,Severo-Kurilsk,RU,50.6789,156.125,57.83,84,34,13.78,scattered clouds
275,Kichera,RU,55.9375,110.0997,71.22,52,100,3.83,overcast clouds
276,Pingzhuang,CN,42.0372,119.2889,66.83,88,100,3.47,overcast clouds
277,Quatre Cocos,MU,-20.2078,57.7625,66.31,75,100,15.21,light rain
278,Pevek,RU,69.7008,170.3133,32.77,96,100,5.1,overcast clouds
279,Mwinilunga,ZM,-11.7358,24.4293,58.03,47,0,4.54,clear sky
280,Ruteng,ID,-8.6136,120.4721,71.17,56,5,1.41,clear sky
281,Chandrakona,IN,22.7333,87.5167,82.38,88,78,3.91,broken clouds
282,Berlevag,NO,70.8578,29.0864,45.34,81,100,13.47,overcast clouds
283,Murska Sobota,SI,46.6625,16.1664,69.21,86,2,3.44,clear sky
284,Sao Francisco,BR,-15.9486,-44.8644,75.49,35,85,0.96,overcast clouds
285,Kavieng,PG,-2.5744,150.7967,83.79,73,92,7.38,light rain
286,Victoria,HK,22.2855,114.1577,88.97,84,7,5.61,clear sky
287,Aitape,PG,-3.1374,142.3475,85.53,64,54,4.9,broken clouds
288,Astana,KZ,51.1801,71.446,55.35,71,0,4.47,clear sky
289,Chokwe,MZ,-24.5333,32.9833,58.32,84,0,2.39,clear sky
290,Guane,CU,22.2025,-84.0875,78.85,86,98,4.63,overcast clouds
291,Cabras,IT,39.93,8.5314,75.69,55,0,2.75,clear sky
292,Inirida,CO,3.8653,-67.9239,72.61,97,17,0.76,few clouds
293,Berga,NO,60.392,5.328,54.64,100,75,3.44,broken clouds
294,Mount Isa,AU,-20.7333,139.5,78.57,22,0,16.11,clear sky
295,Salina Cruz,MX,16.1667,-95.2,83.35,72,57,5.82,broken clouds
296,Ampanihy,MG,-24.7,44.75,58.51,81,0,11.65,clear sky
297,Yuncheng,CN,35.0231,110.9928,75.67,74,100,4.92,overcast clouds
298,Tarakan,ID,3.3,117.6333,80.1,89,75,3.44,broken clouds
299,Itacare,BR,-14.2775,-38.9967,69.69,80,5,6.51,clear sky
300,Nouadhibou,MR,20.931,-17.0347,71.58,94,0,11.5,clear sky
301,Lokosovo,RU,61.1333,74.8167,58.46,78,6,4.85,clear sky
302,Shirokiy,RU,49.758,129.523,72.12,73,0,3.24,clear sky
303,Komsomolskiy,UZ,40.4272,71.7189,65.12,32,0,2.3,clear sky
304,Palaiokomi,GR,40.8667,23.9,76.68,51,0,1.48,clear sky
305,Aksu,CN,41.1231,80.2644,69.6,41,100,4.43,overcast clouds
306,Banda Aceh,ID,5.5577,95.3222,79.61,76,100,8.16,overcast clouds
307,Zastron,ZA,-30.3023,27.084,42.46,77,0,5.55,clear sky
308,Voykove,UA,45.3826,36.4372,73.89,82,100,14.32,overcast clouds
309,Krasnokamensk,RU,50.0979,118.0369,69.44,67,0,2.59,clear sky
310,Port-Gentil,GA,-0.7193,8.7815,76.73,84,98,14.45,overcast clouds
311,Christchurch,NZ,-43.5333,172.6333,58.48,50,34,11.5,scattered clouds
312,Sinnamary,GF,5.3833,-52.95,76.3,86,100,10.04,overcast clouds
313,Mitsamiouli,KM,-11.3847,43.2844,76.28,73,3,7.94,clear sky
314,Peniche,PT,39.3558,-9.3811,66.09,88,0,15.86,clear sky
315,Anloga,GH,5.7947,0.8973,77.22,85,100,12.53,overcast clouds
316,Kirkenes,NO,69.7271,30.0458,45.55,76,90,10.36,overcast clouds
317,Jamestown,US,42.097,-79.2353,65.84,72,1,4.54,clear sky
318,Bubaque,GW,11.2833,-15.8333,78.35,83,100,9.8,moderate rain
319,Aras,ES,42.5617,-2.356,60.6,72,0,8.05,clear sky
320,Aklavik,CA,68.2191,-135.0107,58.03,59,100,6.31,overcast clouds
321,Buckeye,US,33.3703,-112.5838,101.14,40,26,0.0,scattered clouds
322,Samana,DO,19.2056,-69.3369,79.0,90,100,9.53,overcast clouds
323,Phangnga,TH,8.4509,98.5298,78.84,89,100,1.68,light rain
324,Osecina,RS,44.3731,19.6014,79.41,46,1,6.22,clear sky
325,Klyuchi,RU,52.2667,79.1667,61.54,66,67,3.71,broken clouds
326,Karratha,AU,-20.7377,116.8463,80.11,42,88,15.41,overcast clouds
327,Porto Novo,BJ,6.4965,2.6036,78.62,80,100,8.52,overcast clouds
328,Portland,US,45.5234,-122.6762,95.61,38,40,1.01,scattered clouds
329,Cururupu,BR,-1.8283,-44.8683,73.38,96,37,3.58,scattered clouds
330,Luderitz,NA,-26.6481,15.1594,54.81,72,22,9.51,few clouds
331,Hamilton,US,39.1834,-84.5333,73.72,75,90,1.01,overcast clouds
332,San Patricio,US,28.017,-97.5169,87.66,59,35,12.46,scattered clouds
333,Dmanisi,GE,41.5251,44.3472,61.54,69,100,2.75,overcast clouds
334,Bath,GB,51.3779,-2.3591,60.89,84,100,8.32,overcast clouds
335,Parainen,FI,60.3067,22.301,59.9,82,99,13.6,overcast clouds
336,Biak,ID,-0.9131,122.8766,80.37,71,65,7.94,broken clouds
337,Mamlyutka,KZ,54.9375,68.5394,65.05,71,46,2.35,scattered clouds
338,Athens,GR,37.9795,23.7162,78.13,46,0,1.01,clear sky
339,Denpasar,ID,-8.65,115.2167,82.06,83,75,12.66,broken clouds
340,Mayumba,GA,-3.432,10.6554,74.16,90,96,7.87,overcast clouds
341,Edd,ER,13.9297,41.6925,89.83,65,60,2.73,broken clouds
342,Antalaha,MG,-14.9003,50.2788,65.61,82,64,8.52,broken clouds
343,Amos,CA,48.5669,-78.1162,66.47,71,10,6.91,clear sky
344,Alghero,IT,40.5589,8.3181,69.89,78,45,2.3,scattered clouds
345,Koslan,RU,63.4564,48.8989,57.51,97,100,6.71,overcast clouds
346,Fare,PF,-16.7,-151.0167,78.3,77,4,9.24,clear sky
347,Tura,IN,25.5198,90.2201,76.08,96,100,4.52,overcast clouds
348,Half Moon Bay,US,37.4636,-122.4286,92.12,75,1,10.36,clear sky
349,Sao Joao Da Barra,BR,-21.6403,-41.0511,68.7,79,71,10.58,broken clouds
350,Pochutla,MX,15.7432,-96.4661,83.25,85,100,3.18,overcast clouds
351,Ketchikan,US,55.3422,-131.6461,63.07,55,90,8.05,overcast clouds
352,Ilulissat,GL,69.2167,-51.1,46.42,87,40,9.22,scattered clouds
353,Ponta Do Sol,PT,32.6667,-17.1,86.63,35,0,4.85,clear sky
354,Hasaki,JP,35.7333,140.8333,72.0,78,100,15.68,overcast clouds
355,Puerto Penasco,MX,31.3167,-113.5333,89.91,70,15,4.0,few clouds
356,Sungaipenuh,ID,-2.0833,101.3833,68.14,91,99,3.33,overcast clouds
357,Bull Savanna,JM,17.8868,-77.5902,78.71,80,80,3.62,broken clouds
358,Ixtapa,MX,20.7,-105.2,87.03,70,40,8.05,scattered clouds
359,Roma,US,43.2128,-75.4557,65.37,73,1,3.44,clear sky
360,Kununurra,AU,-15.7667,128.7333,87.78,19,0,18.41,clear sky
361,Owase,JP,34.0667,136.2,73.35,93,100,4.45,light rain
362,Kavaratti,IN,10.5669,72.642,81.48,77,90,17.6,overcast clouds
363,Umtata,ZA,-31.5889,28.7844,41.56,100,0,1.14,clear sky
364,Havre-Saint-Pierre,CA,50.2334,-63.5986,64.76,77,75,5.75,broken clouds
365,Talnakh,RU,69.4865,88.3972,56.8,88,98,10.51,light rain
366,Mount Gambier,AU,-37.8333,140.7667,53.51,76,75,17.27,broken clouds
367,Mount Pleasant,US,32.7941,-79.8626,82.98,86,1,1.99,clear sky
368,Matara,LK,5.9485,80.5353,77.68,86,100,10.47,overcast clouds
369,Newport,GB,51.5877,-2.9984,61.86,84,33,7.83,scattered clouds
370,Vardo,NO,70.3705,31.1107,46.51,76,100,16.28,overcast clouds
371,Sola,VU,-13.8833,167.55,77.43,78,99,26.55,overcast clouds
372,Praia Da Vitoria,PT,38.7333,-27.0667,70.75,88,75,4.18,broken clouds
373,Vila Do Maio,CV,15.1333,-23.2167,79.59,92,100,14.2,overcast clouds
374,Mokrousovo,RU,55.8103,66.7653,60.75,72,12,4.52,few clouds
375,Plastun,RU,44.7561,136.2939,70.12,61,6,4.94,clear sky
376,Pobe,BJ,6.9801,2.6649,71.08,90,100,4.23,overcast clouds
377,Killarney,IE,52.05,-9.5167,56.1,80,100,6.44,overcast clouds
378,Shar,KZ,49.5886,81.0453,57.67,83,7,4.76,clear sky
379,Sangar,RU,63.9242,127.4739,60.94,62,100,5.46,overcast clouds
380,Merauke,ID,-8.4667,140.3333,81.54,74,89,13.29,overcast clouds
381,Lucapa,AO,-8.4192,20.7447,68.81,34,0,1.01,clear sky
382,Zilupe,LV,56.3862,28.1217,51.49,97,2,5.57,clear sky
383,Taganak,PH,6.0833,118.3,84.34,82,100,6.78,overcast clouds
384,Port Macquarie,AU,-31.4333,152.9167,66.16,31,0,4.21,clear sky
385,Bathsheba,BB,13.2167,-59.5167,81.21,83,20,11.5,few clouds
386,Hangu,CN,39.2489,117.7892,75.24,72,14,4.54,moderate rain
387,Vila Franca Do Campo,PT,37.7167,-25.4333,73.81,93,82,7.4,broken clouds
388,Lexington,US,37.9887,-84.4777,73.29,82,20,6.91,moderate rain
389,Awbari,LY,26.5921,12.7805,80.82,23,0,5.64,clear sky
390,Polson,US,47.6936,-114.1632,93.34,19,100,1.01,overcast clouds
391,Airai,TL,-8.9266,125.4092,70.97,54,21,5.39,few clouds
392,Siva,EG,29.2041,25.5195,83.19,41,0,9.91,clear sky
393,Beringovskiy,RU,63.05,179.3167,46.65,89,100,5.1,light rain
394,Koboko,UG,3.4136,30.9599,60.67,94,97,2.42,overcast clouds
395,Kumluca,TR,36.3703,30.2869,82.38,35,0,7.0,clear sky
396,Kedrovyy,RU,56.1667,91.8167,57.61,68,100,4.36,overcast clouds
397,Heze,CN,35.2431,115.4411,78.48,80,2,4.92,clear sky
398,Gizo,SB,-8.103,156.8419,83.01,74,99,6.55,light rain
399,Port Hardy,CA,50.6996,-127.4199,59.18,100,90,4.61,light rain
400,Sur,OM,22.5667,59.5289,85.01,65,33,4.7,scattered clouds
401,Dingli,MT,35.8614,14.3822,78.82,88,0,2.3,clear sky
402,Carutapera,BR,-1.195,-46.02,75.79,90,87,5.79,overcast clouds
403,Touros,BR,-5.1989,-35.4608,74.3,77,94,16.17,overcast clouds
404,Whitianga,NZ,-36.8333,175.7,60.03,57,53,9.13,broken clouds
405,Sept-Iles,CA,50.2001,-66.3821,63.25,67,20,6.91,few clouds
406,Chapais,CA,49.7834,-74.8492,60.58,69,15,6.53,few clouds
407,Pouso Alegre,BR,-22.23,-45.9364,66.85,52,41,1.83,scattered clouds
408,Pangnirtung,CA,66.1451,-65.7125,46.38,78,98,3.06,overcast clouds
409,Jieshi,CN,22.8134,115.8257,83.32,79,4,7.29,clear sky
410,Saint-Louis,SN,16.3333,-15.0,70.74,89,100,20.74,overcast clouds
411,Coquimbo,CL,-29.9533,-71.3436,53.33,76,90,4.61,overcast clouds
412,Shakawe,BW,-18.3667,21.85,57.0,48,0,6.6,clear sky
413,Itarantim,BR,-15.6597,-40.0656,62.55,94,0,2.75,clear sky
414,Paamiut,GL,61.994,-49.6678,46.04,99,100,23.58,heavy intensity rain
415,Mayor Pablo Lagerenza,PY,-19.9309,-60.7718,68.92,36,0,3.96,clear sky
416,Tazovskiy,RU,67.4667,78.7,46.31,83,87,20.0,overcast clouds
417,Mayo,US,38.8876,-76.5119,78.78,81,75,0.0,broken clouds
418,Sayyan,YE,15.1718,44.3244,65.39,46,75,2.57,broken clouds
419,Poso,ID,-1.3959,120.7524,84.09,61,10,4.03,clear sky
420,Lebu,CL,-37.6167,-73.65,50.92,93,100,27.63,overcast clouds
421,Manaure,CO,11.7751,-72.4445,82.42,78,8,8.3,clear sky
422,Quang Ngai,VN,15.1167,108.8,83.16,70,100,0.78,overcast clouds
423,Zhongxing,CN,33.7039,118.6792,76.51,87,100,6.17,light rain
424,Lloydminster,CA,53.2835,-110.0016,82.08,41,90,5.75,overcast clouds
425,Tomatlan,MX,19.9333,-105.25,83.34,84,99,4.68,overcast clouds
426,Yendi,GH,9.4427,-0.0099,76.91,71,100,3.78,overcast clouds
427,Mildura,AU,-34.2,142.15,57.16,67,90,11.5,overcast clouds
428,Ewa Beach,US,21.3156,-158.0072,89.55,46,1,8.05,clear sky
429,Namibe,AO,-15.1961,12.1522,65.19,91,27,7.49,scattered clouds
430,Lata,PT,40.1629,-8.3327,61.81,96,8,0.25,clear sky
431,Van,TR,38.4924,43.3831,67.35,42,20,6.91,few clouds
432,Zaterechnyy,RU,44.7931,45.2097,73.29,83,100,4.63,overcast clouds
433,Tevriz,RU,57.509,72.4042,60.98,80,100,3.42,overcast clouds
434,Chateaubelair,VC,13.2833,-61.25,81.21,78,100,7.2,overcast clouds
435,Wad Madani,SD,14.4012,33.5199,81.45,67,100,12.46,overcast clouds
436,Pierre,US,44.3683,-100.351,94.12,30,1,5.99,clear sky
437,Falmouth,GB,50.1544,-5.0711,59.9,97,75,4.0,broken clouds
438,Guanare,VE,9.0418,-69.7421,77.02,94,100,2.3,overcast clouds
439,Aktau,KZ,43.65,51.2,64.98,33,0,9.8,clear sky
440,Sisimiut,GL,66.9395,-53.6735,46.31,89,100,2.95,overcast clouds
441,Thunder Bay,CA,48.4001,-89.3168,83.98,39,75,11.5,broken clouds
442,Belen,TR,36.4891,36.2233,73.54,65,0,10.36,clear sky
443,Miraflores,MX,19.2167,-98.8083,70.45,84,38,3.65,scattered clouds
444,Dalianwan,CN,39.0286,121.695,80.64,74,75,2.24,light rain
445,Manjacaze,MZ,-24.7117,33.8828,55.92,93,0,3.47,clear sky
446,Lubango,AO,-14.9172,13.4925,60.31,46,0,3.76,clear sky
447,Tromso,NO,69.6496,18.957,48.85,81,75,10.36,broken clouds
448,Nguru,NG,12.8791,10.4526,80.67,70,88,7.16,overcast clouds
449,Korfovskiy,RU,48.2183,135.0564,72.86,60,88,5.79,overcast clouds
450,Whitehorse,CA,60.7161,-135.0538,56.17,76,75,3.44,shower rain
451,Tevaitoa,PF,-16.7833,-151.5,78.85,75,22,10.27,few clouds
452,Luanda,AO,-8.8368,13.2343,71.87,87,96,9.13,overcast clouds
453,Mponela,MW,-13.5319,33.7401,56.01,77,0,7.14,clear sky
454,Kysyl-Syr,RU,63.8986,122.7617,55.45,69,100,4.12,overcast clouds
455,Live Oak,US,36.9836,-121.9805,89.47,64,1,1.99,clear sky
456,Rocha,UY,-34.4833,-54.3333,51.39,99,94,2.04,overcast clouds
457,Comodoro Rivadavia,AR,-45.8667,-67.5,53.46,50,0,5.75,clear sky
458,Letlhakane,BW,-21.4167,25.5833,54.12,75,0,12.26,clear sky
459,Henties Bay,NA,-22.116,14.2845,51.85,87,0,3.15,clear sky
460,Jacareacanga,BR,-6.2222,-57.7528,76.14,80,86,1.01,overcast clouds
461,Naryan-Mar,RU,67.6713,53.087,56.68,92,87,21.56,overcast clouds
462,Sandy Bay,AU,-42.913,147.3532,46.29,76,75,4.0,broken clouds
463,Kulhudhuffushi,MV,6.6221,73.07,81.52,76,100,15.52,overcast clouds
464,Kaseda,JP,31.4167,130.3167,79.83,87,100,13.42,moderate rain
465,Barcelos,PT,41.5388,-8.6151,67.84,77,0,5.3,clear sky
466,Lubana,LV,56.9,26.7167,52.03,96,7,6.87,clear sky
467,Suseni,RO,46.6667,25.55,60.1,73,0,0.92,clear sky
468,Zharkent,KZ,44.1628,80.0,59.7,65,86,4.05,overcast clouds
469,Honiara,SB,-9.4333,159.95,84.72,77,57,9.66,broken clouds
470,Zyryanka,RU,65.75,150.85,46.47,91,100,5.93,light rain
471,San Vicente,AR,-26.6167,-54.1333,60.89,76,69,2.73,broken clouds
472,Coxim,BR,-18.5067,-54.76,79.48,31,0,3.09,clear sky
473,Udachnyy,RU,66.4167,112.4,54.79,73,100,5.08,overcast clouds
474,Helong,CN,42.5397,128.9972,68.63,84,100,3.24,overcast clouds
475,Matagami,CA,49.7502,-77.6328,66.31,63,1,8.05,clear sky
476,Krasnyy Yar,RU,46.5331,48.3456,66.13,59,98,4.85,overcast clouds
477,Krasnoselkup,RU,65.7,82.4667,55.26,74,99,13.76,overcast clouds
478,Ugoofaaru,MV,5.6667,73.0,81.37,76,100,13.29,overcast clouds
479,Jamsa,FI,61.8642,25.19,56.12,97,79,5.17,broken clouds
480,Vestmannaeyjar,IS,63.4427,-20.2734,54.19,90,100,11.39,overcast clouds
481,Banjar,ID,-8.19,114.9675,82.26,65,5,0.72,clear sky
482,Tocopilla,CL,-22.092,-70.1979,61.29,70,18,8.5,few clouds
483,Tezu,IN,27.9167,96.1667,77.29,93,100,0.43,overcast clouds
484,Balkhash,KZ,46.844,74.9804,56.01,82,0,13.42,clear sky
485,Palmer,US,42.1584,-72.3287,69.28,74,40,3.44,scattered clouds
486,Pemangkat,ID,1.1667,108.9667,79.32,79,92,4.34,overcast clouds
487,Nkowakowa,ZA,-23.8878,30.2871,46.45,79,0,3.29,clear sky
488,Saint-Pie,CA,45.5001,-72.8991,69.76,81,90,0.0,overcast clouds
489,Victor Harbor,AU,-35.5667,138.6167,58.46,83,100,1.99,overcast clouds
490,Alibag,IN,18.6411,72.8792,77.07,81,74,3.0,broken clouds
491,Verkhnyaya Inta,RU,65.9811,60.3094,60.39,74,100,12.73,overcast clouds
492,Gidam,IN,18.9833,81.4,73.94,98,100,2.55,overcast clouds
493,Mnogovershinnyy,RU,53.9353,139.9242,74.79,49,86,4.18,overcast clouds
494,Nome,US,64.5011,-165.4064,48.27,87,90,6.91,light rain
495,Baoqing,CN,46.3317,132.2111,75.24,48,34,7.36,scattered clouds
496,West Bay,KY,19.3667,-81.4167,84.27,77,20,1.99,few clouds
497,Nanortalik,GL,60.1432,-45.2371,49.26,98,100,11.54,moderate rain
498,Uzyn,UA,49.8262,30.4149,69.17,64,0,6.04,clear sky
499,Galesong,ID,-5.3166,119.3661,82.42,60,86,2.37,overcast clouds
500,Batagay-Alyta,RU,67.8006,130.4114,50.5,68,100,3.09,overcast clouds
501,Puerto Escondido,MX,15.85,-97.0667,85.03,61,40,0.0,scattered clouds
502,Samarai,PG,-10.6167,150.6667,79.72,83,16,14.92,few clouds
503,Kefamenanu,ID,-9.4467,124.4781,80.76,57,34,8.86,scattered clouds
504,Port-Cartier,CA,50.0334,-66.8654,62.92,61,0,8.3,clear sky
505,Muisne,EC,0.6,-80.0333,74.88,85,100,9.04,overcast clouds
506,Jining,CN,35.405,116.5814,78.21,76,5,4.81,clear sky
507,Qandala,SO,11.472,49.8728,88.86,50,87,5.95,overcast clouds
508,Azad Shahr,IR,34.7909,48.5707,66.54,29,0,4.92,clear sky
509,Sawakin,SD,19.1059,37.3321,92.35,44,71,4.99,broken clouds
510,Razole,IN,16.4833,81.8333,77.29,93,100,6.69,moderate rain
511,Sao Felix Do Xingu,BR,-6.6447,-51.995,79.27,33,22,2.3,few clouds
512,Fort Nelson,CA,58.8053,-122.7002,56.79,88,75,13.8,light intensity shower rain
513,Gubkinskiy,RU,64.434,76.5026,56.34,73,83,14.65,broken clouds
514,Naifaru,MV,5.4444,73.3657,81.5,76,100,15.28,overcast clouds
515,Nampula,MZ,-15.1165,39.2666,63.46,85,99,9.44,overcast clouds
516,Ganzhou,CN,28.8184,115.4327,76.12,97,100,1.07,overcast clouds
517,Kieta,PG,-6.2167,155.6333,84.16,72,98,4.72,light rain
518,Ryotsu,JP,38.0833,138.4333,76.96,75,100,3.2,overcast clouds
519,Jogighopa,IN,26.2333,90.5833,80.29,87,44,1.39,scattered clouds
520,Saint-Francois,FR,46.4154,3.9054,68.18,77,90,9.22,overcast clouds
521,Dickinson,US,29.4608,-95.0513,82.94,82,40,5.75,scattered clouds
522,Timmins,CA,48.4669,-81.3331,67.82,77,20,6.91,few clouds
523,Diffa,NE,13.3154,12.6113,79.81,73,90,3.94,overcast clouds
524,Khabary,RU,53.6259,79.5345,62.06,66,70,2.24,broken clouds
525,Matay,EG,28.419,30.7792,80.71,54,0,13.29,clear sky
526,Quimperle,FR,47.8667,-3.55,62.08,94,75,11.5,broken clouds
527,Kushiro,JP,42.975,144.3747,59.95,88,75,6.91,broken clouds
528,Kalabo,ZM,-14.97,22.6814,56.32,47,0,5.88,clear sky
529,Podyuga,RU,61.095,40.8647,56.21,96,98,10.11,overcast clouds
530,Rapid Valley,US,44.0625,-103.1463,93.4,20,1,6.91,smoke
531,Sergeyevka,KZ,53.88,67.4158,64.65,75,97,5.88,overcast clouds
532,Mendoza,AR,-32.8908,-68.8272,54.93,44,0,0.0,clear sky
533,Ponta Delgada,PT,37.7333,-25.6667,74.12,94,40,6.91,scattered clouds
534,Tornio,FI,65.8481,24.1466,55.42,92,98,16.2,moderate rain
535,Faya,SA,18.3851,42.4509,70.32,50,100,5.44,overcast clouds
536,Hudiksvall,SE,61.729,17.1036,51.53,94,18,4.81,few clouds
537,Alofi,NU,-19.0595,-169.9187,75.09,78,100,14.97,overcast clouds
538,Hambantota,LK,6.1241,81.1185,77.34,94,20,4.61,few clouds
539,San Cristobal,VE,7.7669,-72.225,73.58,97,67,2.75,broken clouds
540,Macamic,CA,48.7502,-78.9996,66.43,67,5,10.22,clear sky
541,Butembo,CD,0.15,29.2833,57.79,87,99,2.98,overcast clouds
542,Kudahuvadhoo,MV,2.6708,72.8944,82.15,71,98,14.27,overcast clouds
543,Khromtau,KZ,50.2503,58.4347,66.94,27,64,2.82,broken clouds
544,Alice Springs,AU,-23.7,133.8833,62.15,22,0,17.27,clear sky
545,Rossland,CA,49.0831,-117.8022,90.91,12,14,10.87,few clouds
546,Prainha,BR,-1.8,-53.48,76.78,81,43,1.99,scattered clouds
547,Kardymovo,RU,54.8902,32.4311,57.92,83,21,3.94,few clouds
548,Maragogi,BR,-9.0122,-35.2225,72.21,77,15,9.15,few clouds
549,Glendive,US,47.1053,-104.7125,92.03,19,90,10.0,overcast clouds
550,Prince Rupert,CA,54.3161,-130.3201,59.09,77,20,6.91,light rain
551,Tibati,CM,6.4667,12.6333,67.73,95,100,1.3,light rain
552,Belokurikha,RU,51.9959,84.9896,58.68,82,88,1.32,overcast clouds
553,Cortez,US,37.3489,-108.5859,83.16,24,1,9.22,clear sky
554,San Quintin,MX,30.4833,-115.95,73.74,75,15,9.75,few clouds
555,Borogontsy,RU,62.6683,131.1683,73.89,58,98,4.59,overcast clouds
556,Kimbe,PG,-5.5502,150.1429,88.34,62,77,2.37,light rain
557,Nicoya,CR,10.1483,-85.452,72.95,94,100,3.04,light rain
558,Caarapo,BR,-22.6342,-54.8222,70.68,47,0,5.32,clear sky
559,Ust-Kuyga,RU,70.0167,135.6,51.26,59,100,5.32,overcast clouds
560,Moissac,FR,44.1024,1.0945,68.95,96,0,5.73,clear sky
561,Srednekolymsk,RU,67.45,153.6833,53.22,49,100,9.75,overcast clouds
562,Nefteyugansk,RU,61.0998,72.6035,57.45,75,1,6.53,clear sky
563,Kruisfontein,ZA,-34.0033,24.7314,53.13,60,0,6.98,clear sky
564,Muli,MV,2.9167,73.5667,82.17,72,71,15.08,broken clouds
565,Okha,RU,53.5739,142.9478,70.29,64,7,8.39,clear sky
566,Verkhnyaya Toyma,RU,62.2349,44.9985,58.15,99,100,5.21,overcast clouds
567,Kochevo,RU,59.5994,54.3125,55.49,80,53,5.82,broken clouds
568,Bairiki,KI,1.3292,172.9752,87.8,66,20,12.66,few clouds
569,Kodinar,IN,20.7903,70.7031,80.26,80,100,9.35,overcast clouds
570,Lanzhou,CN,36.0564,103.7922,70.88,62,21,1.92,few clouds
571,Meulaboh,ID,4.1363,96.1285,77.04,87,100,8.03,light rain
572,Latung,PH,5.5,120.8833,83.14,72,68,10.33,broken clouds
573,Changde,CN,29.0464,111.6783,73.58,89,100,0.89,overcast clouds
574,Nuevo Progreso,MX,23.1667,-97.95,86.59,74,23,9.06,few clouds
575,Luang Prabang,LA,19.8856,102.1347,76.96,94,90,0.0,mist
576,Fairbanks,US,64.8378,-147.7164,53.1,93,90,5.99,light rain
577,Guiglo,CI,6.5456,-7.4966,70.27,87,84,3.29,broken clouds
578,Roebourne,AU,-20.7833,117.1333,80.62,39,46,14.92,scattered clouds
579,Najran,SA,17.4924,44.1277,81.25,20,100,2.01,overcast clouds
580,Morgaushi,RU,55.9643,46.7743,59.16,85,0,4.92,clear sky
581,Kurilsk,RU,45.2333,147.8833,58.39,70,2,2.98,clear sky
582,Pilar,BR,-9.5972,-35.9567,71.53,88,68,2.82,broken clouds
583,Jiwani,PK,25.05,61.7417,79.14,83,99,9.8,overcast clouds
584,Carrollton,US,32.9537,-96.8903,87.13,66,40,8.05,scattered clouds
585,Zhanaozen,KZ,43.3,52.8,72.95,26,0,8.95,clear sky
586,Andros Town,BS,24.7,-77.7667,82.36,78,100,11.5,overcast clouds
587,Ginda,IN,30.6945,78.4932,61.39,76,0,5.39,clear sky
588,Makushino,RU,55.2103,67.2442,63.27,67,12,3.91,few clouds
589,Mackay,AU,-21.15,149.2,77.04,68,75,12.66,broken clouds
590,North Bend,US,43.4065,-124.2243,72.91,78,40,12.66,scattered clouds
591,Copiapo,CL,-27.3667,-70.3333,49.69,53,44,0.81,scattered clouds
592,The Valley,AI,18.217,-63.0578,84.06,82,100,17.16,overcast clouds
593,Kibre Mengist,ET,5.8833,38.9833,56.17,88,83,2.15,broken clouds
594,Santa Cruz,BO,-17.8,-63.1667,71.06,49,0,8.05,clear sky
595,Guanagazapa,GT,14.2253,-90.6433,81.46,97,99,1.63,overcast clouds
596,Florianopolis,BR,-27.6146,-48.5012,61.83,82,75,4.61,broken clouds
597,Jibuti,DJ,11.5,42.5,90.82,39,60,9.64,broken clouds
598,Pangai,TO,-19.8,-174.35,75.31,53,20,13.8,few clouds
599,Bowen,AU,-20.0167,148.2333,75.42,58,57,15.46,broken clouds
600,Flinders,AU,-34.5833,150.8552,69.19,41,0,4.0,clear sky
601,Le Marin,MQ,14.4721,-60.8697,81.72,83,20,5.75,few clouds
602,Krasnokumskoye,RU,44.1781,43.5019,67.05,89,100,2.37,overcast clouds
603,Camopi,GF,3.1655,-52.3158,73.44,92,94,2.51,overcast clouds
604,Leningradskiy,RU,69.3833,178.4167,34.93,83,95,14.79,overcast clouds
605,Charlestown,AU,-32.95,151.6667,69.93,39,0,1.99,clear sky
606,Jiuquan,CN,39.7432,98.5174,81.0,25,6,14.43,clear sky
607,Mahanoro,MG,-19.9,48.8,63.0,86,100,8.1,light rain
608,Tateyama,JP,34.9833,139.8667,71.62,90,100,12.37,overcast clouds
609,Cabra,ES,37.4725,-4.4421,89.91,27,6,2.93,clear sky
610,Svetlogorsk,BY,52.6333,29.7333,64.22,84,68,4.59,broken clouds
611,Vaitape,PF,-16.5167,-151.75,78.55,76,21,9.48,light rain
612,Talcahuano,CL,-36.7167,-73.1167,51.48,93,90,27.63,drizzle
613,Emerald,AU,-23.5333,148.1667,75.34,43,1,6.91,clear sky
614,Bambanglipuro,ID,-7.95,110.2833,81.82,66,17,12.97,few clouds
615,Pasni,PK,25.2631,63.471,78.93,82,100,6.58,overcast clouds
616,Krasnovishersk,RU,60.4078,57.082,58.66,80,100,5.77,overcast clouds
617,Grand Gaube,MU,-20.0064,57.6608,66.6,74,95,5.01,overcast clouds
618,Saint-Augustin,CA,51.226,-58.6502,61.41,79,57,13.0,broken clouds
619,Kjopsvik,NO,68.097,16.3742,53.17,92,100,2.66,overcast clouds
620,Kananga,CD,-5.8958,22.4178,71.17,47,0,2.48,clear sky
621,Raudeberg,NO,61.9875,5.1352,53.2,96,100,11.27,overcast clouds
622,Bontang,ID,0.1333,117.5,82.06,73,60,2.71,broken clouds
623,Sibu,MY,2.3,111.8167,77.31,94,40,2.3,light rain
624,Ancud,CL,-41.8697,-73.8203,48.22,91,100,21.03,moderate rain
625,Sebinkarahisar,TR,40.2883,38.4236,57.69,78,100,2.15,overcast clouds
626,San Carlos Del Zulia,VE,9.0,-71.9135,77.5,81,45,3.65,scattered clouds
627,Mukhen,RU,48.1,136.1,77.81,48,12,6.73,few clouds
628,Dwarka,IN,22.2394,68.9678,80.37,78,100,13.06,overcast clouds
629,Jiutai,CN,44.1525,125.8328,75.54,78,100,5.14,overcast clouds
630,Luena,AO,-11.7833,19.9167,56.25,37,19,4.97,few clouds
631,Khvorostyanka,RU,52.6096,48.9597,70.36,27,92,6.78,overcast clouds
632,Yerakion,GR,37.0,22.7,73.29,34,0,5.61,clear sky
633,Siderno,IT,38.2779,16.302,82.58,64,0,10.13,clear sky
634,Sekoma,BW,-24.4,23.8833,53.62,71,0,16.93,clear sky
635,Lydenburg,ZA,-25.0978,30.4597,45.39,91,0,1.36,clear sky
636,Ati,TD,13.2154,18.3353,78.21,72,81,4.12,broken clouds
637,Sehithwa,BW,-20.4667,22.7167,56.55,53,0,6.6,clear sky
638,Parana,AR,-31.732,-60.5238,56.52,77,5,7.7,clear sky
639,Salinopolis,BR,-0.6136,-47.3561,77.4,84,84,8.57,moderate rain
640,Deputatskiy,RU,69.3,139.9,47.97,62,100,7.31,overcast clouds
641,Abrau-Dyurso,RU,44.69,37.59,69.26,88,98,17.25,overcast clouds
642,Gualeguay,AR,-33.1416,-59.3097,49.69,80,65,7.31,broken clouds
643,Catole Do Rocha,BR,-6.3439,-37.7467,75.65,62,76,11.79,broken clouds
644,Kurchum,KZ,48.5722,83.6542,64.76,57,100,10.31,overcast clouds
645,Nouakchott,MR,18.0858,-15.9785,78.73,81,25,7.45,scattered clouds
646,Durban,ZA,-29.8579,31.0292,59.02,89,0,1.01,clear sky
647,Buraydah,SA,26.326,43.975,88.25,18,0,4.72,clear sky
648,Laibin,CN,23.7,109.2667,85.33,73,52,9.84,broken clouds
649,Makasar,ID,-5.14,119.4221,82.45,61,20,5.75,few clouds
650,Le Port,RE,-20.9373,55.2919,66.16,74,45,3.4,scattered clouds
651,Banfora,BF,10.6333,-4.7667,70.68,96,79,4.14,broken clouds
652,Dalby,AU,-27.1833,151.2667,68.7,49,24,10.63,few clouds
653,Inongo,CD,-1.95,18.2667,71.6,73,75,0.43,light rain
654,Carballo,ES,43.213,-8.691,62.87,90,27,6.53,scattered clouds
655,Rudnichnyy,RU,59.617,52.4703,55.72,80,28,6.26,scattered clouds
656,Nemuro,JP,43.3236,145.575,57.63,83,7,9.66,clear sky
657,Kyren,RU,51.6828,102.1408,64.87,93,100,4.99,overcast clouds
658,Arona,ES,28.0996,-16.681,80.69,88,0,5.75,clear sky
659,Qingdao,CN,36.0986,120.3719,83.8,70,40,2.24,scattered clouds
660,Santarem,BR,-2.4431,-54.7083,77.13,94,20,0.0,few clouds
661,Opuwo,NA,-18.0607,13.84,61.18,56,0,2.46,clear sky
662,Tuatapere,NZ,-46.1333,167.6833,55.81,77,100,16.15,moderate rain
663,Pacifica,US,37.6138,-122.4869,91.92,83,20,1.01,few clouds
664,Marsh Harbour,BS,26.5412,-77.0636,82.42,80,100,17.6,light rain
665,Kericho,KE,-0.3677,35.2831,54.54,87,8,4.27,clear sky
666,Coos Bay,US,43.3665,-124.2179,75.31,77,40,12.66,scattered clouds
667,Kakching,IN,24.4833,93.9833,72.88,96,100,1.19,moderate rain
668,Innisfail,AU,-17.5333,146.0333,72.14,87,71,11.88,broken clouds
669,Igarka,RU,67.4667,86.5833,53.22,89,98,13.4,overcast clouds
670,Waingapu,ID,-9.6567,120.2641,85.05,61,4,14.29,clear sky
671,Pingdingshan,CN,33.7385,113.3012,74.39,90,100,2.64,light rain
672,Malindi,KE,-3.2175,40.1191,74.32,83,87,12.55,overcast clouds
673,North Branch,US,45.5113,-92.9802,79.09,60,0,13.6,clear sky
674,Tayu,ID,-6.5397,111.0518,82.85,65,96,10.2,overcast clouds
675,Havoysund,NO,70.9963,24.6622,43.68,81,100,9.55,overcast clouds
676,San Matias,BO,-16.3667,-58.4,78.96,36,3,1.39,clear sky
677,Bom Jesus,BR,-9.0744,-44.3586,69.91,48,8,1.9,clear sky
678,Cayenne,GF,4.9333,-52.3333,78.1,87,40,0.0,scattered clouds
679,Methoni,GR,36.8197,21.7049,77.22,66,0,5.26,clear sky
680,Aguimes,ES,27.9054,-15.4461,77.63,54,0,20.71,clear sky
681,Bogorodskoye,RU,56.55,37.8833,66.78,94,58,5.48,broken clouds
682,Wewak,PG,-3.5534,143.6268,84.49,70,58,7.61,broken clouds
683,Rolla,US,37.9514,-91.7713,75.51,61,1,1.01,clear sky
684,Parasia,IN,22.2,78.7667,75.07,81,90,5.97,overcast clouds
685,Poum,NC,-20.2333,164.0167,73.53,63,95,18.86,overcast clouds
686,Zuenoula,CI,7.4292,-6.0431,68.41,84,87,4.92,overcast clouds
687,Mamallapuram,IN,12.6264,80.1722,82.45,70,100,7.34,moderate rain
688,San Jose De Guanipa,VE,8.8872,-64.1651,73.49,82,94,3.13,overcast clouds
689,Finschhafen,PG,-6.6024,147.8681,80.19,85,100,9.6,heavy intensity rain
690,Ulaangom,MN,49.9811,92.0667,63.1,64,100,6.02,moderate rain
691,Salo,IT,45.6086,10.531,78.87,70,64,4.41,broken clouds
692,Pudozh,RU,61.8099,36.5345,53.64,97,32,8.08,scattered clouds
693,Diamantino,BR,-14.4086,-56.4461,75.99,38,3,2.89,clear sky
694,Korgen,NO,66.0771,13.8153,54.3,89,65,2.15,broken clouds
695,Sokoni,TZ,-6.4333,39.55,75.51,80,53,12.48,light rain
696,Am Timan,TD,11.0297,20.2827,72.05,94,54,2.89,broken clouds
697,Qingyuan,CN,23.7,113.0333,85.98,76,89,4.41,overcast clouds
698,Maun,BW,-19.9833,23.4167,55.36,58,0,3.44,clear sky
699,Arkhangelsk,RU,64.5401,40.5433,53.71,100,20,4.47,few clouds
700,Goderich,CA,43.7501,-81.7165,66.9,77,0,1.14,clear sky
701,Beaune,FR,47.0833,4.75,67.35,74,3,9.93,clear sky
702,San Isidro,PE,-12.1167,-77.05,63.01,91,90,1.01,light intensity drizzle
